,title,description,employer,link,tags,city,date
0,استخدام کارآموز ASP.NET Core,ما در تیم سمت سرورمون، به دنبال فرد پر انرژی و فعالی هستیم که عاشق سرور و بک اند (BackEnd) است... از دیدن صفحه سیاه کدها و سورس ها خسته نمی شود و با حل مسائل انتزاعیدر معماری پایگاه داده مشکلی ندارد.. همچنین علاقه ی بسیاری به یادگیری هرچه بیشتر در زمینه تخصصی خود دارد...با صبر و حوصله مداوم، مستندات زبان اصلی را مطالعه می کند... دید ما به این همکاری بلند مدت بوده و دوران کارآموزی به علت همکاری در پروژه های واقعی نیازمند جدیت و کارتیمی قوی می باشد.   شرایط عمومی  امکان همکاری به صورت تمام وقت (حداقل ۳۵ ساعت در هفته) علاقه مند به یادگیری و به روز رسانی دانش فردی خلاق ، پویا و با انگیزه و سرعت عملکرد بالا بسیار منظم و بسیار مسئولیت پذیر توانایی انجام کار گروهی امکان دورکاری (شرایط خاص)   ,نادین سافت,https://quera.org//magnet/jobs/v7jr8,"['SQL', 'API', 'Back-end', 'C#', 'ASP.NET', 'Intern', 'تمام وقت']",unknown,۲۷ اسفند ۱۴۰۲،‏ ۱۴:۲۴
1,استخدام توسعه‌دهنده ASP.NET Core,ما در تیم سمت سرورمون، به دنبال فرد پر انرژی و فعالی هستیم که عاشق سرور و بک اند (BackEnd) است... از دیدن صفحه سیاه کدها و سورس ها خسته نمی شود و با حل مسائل انتزاعی در معماری پایگاه داده مشکلی ندارد...با استفاده از تکنولوژی های جدید، معماری های جذاب را رقم میزند و علاقه ی بسیاری به یادگیری هرچه بیشتر در زمینه تخصصی خود دارد...با صبر و حوصله مداوم، مستندات زبان اصلی را مطالعه می کند...اگر فرد بسیار فعال و پر انرژی هستید و در جهت پیشرفت خودتون تلاش زیادی میکنید، ما منتظر شما هستیم....لطفا قبل از ارسال رزومه، موارد زیر را مطالعه نمایید:,نادین سافت,https://quera.org//magnet/jobs/r7qmq,"['SQL', 'API', 'Back-end', 'C#', '.NET Core', 'Junior', 'تمام وقت', 'امکان دورکاری']",تهران,۶ فروردین ۱۴۰۳،‏ ۱۴:۵۰
2,استخدام کارآموز Vue.js,"ما در تیم خودمون به دنبال فرد پر انرژی و فعالی هستیم که عاشق توسعه صفحات وب با استفاده از تکنولوژی های HTML, CSS, JavaScript هست؛ همچنین علاقه بسیاری به یادگیری نحوه پیاده سازی صفحات وب با کتابخانه Vue.js دارد. اگر فرد بسیار فعال و پر انرژی هستید و در جهت پیشرفت خودتون تلاش زیادی میکنید، ما منتظر شما هستیم ... لطفا قبل از ارسال رزومه، موارد زیر را مطالعه نمایید:شرایط عمومی  امکان همکاری به صورت تمام وقت (حداقل 40 ساعت در هفته) علاقه مند به یادگیری و به روز رسانی دانش فردی خلاق ، پویا و با انگیزه منظم و بسیار مسئولیت پذیر توانایی انجام کار گروهی ",نادین سافت,https://quera.org//magnet/jobs/x7dr9,"['JavaScript', 'CSS', 'Vuetify.js', 'TypeScript', 'Vue.js', 'Intern', 'تمام وقت', 'امکان دورکاری']",unknown,۶ فروردین ۱۴۰۳،‏ ۱۴:۵۸
3,استخدام مدیر آموزش Back-end,ما در کوئرا به دنبال یک هم تیمی مسئولیت پذیر، پرانرژی و علاقه مند به آموزش هستیم که به عنوان مدیر بخش آموزش Back-end کوئرا؛ ما رو در تحقق اصلی ترین هدفمون یعنی ساختن جامعه ای برای برنامه نویسان همراهی کنه. از مهم ترین و ارزشمندترین کارهای ما در کوئرا، آموزش برنامه نویسی در همه ی سطوح و برگزاری مسابقه هاست. این کارها در این پوزیشن در قالب پیش برده می شوند:  طراحی دوره های آموزش برنامه نویسی در زمینه ی Back-end مربی گری و پاسخگویی به سوالات مهارت جویان کوئرا کالج آماده سازی سوالات تکنولوژی برای مسابقه ها و مهارت سنجی ها  شما در این موقعیت شغلی به عنوان مدیر آموزش بخش BackEnd، وظیفه ی مدیریت کارهای گفته شده در زمینه Back-end رو دارید و یک تیم خفن حدودا ده نفره در این راه در کنارتون هستند. در این موقعیت شما می تونید در حوزه های آموزشی و مدیریتی یادگیری داشته باشید و تجربه های مختلف کسب کنید!اگر ادامه مسیر شغلی تون رو در حیطه آموزش می بینید، این موقعیت براتون ایده آله! اگر فضای آموزش برنامه نویسی و پیشرفت در کارهای مدیریتی براتون جذابه و تجربه ی فنی دارید، خوشحال می شیم بتونیم بیشتر با هم آشنا بشیم :),Quera,https://quera.org//magnet/jobs/86kk9,"['Python', 'Django', 'Laravel', 'Go', 'Back-end', 'Senior', 'تمام وقت']",unknown,۱۸ فروردین ۱۴۰۳،‏ ۱۶:۰۱
4,استخدام Junior Front-end Developer (React),اگه بخواین مشخص ترین ویژگی افرادی که از صفر شروع می کنن و در فرصت کوتاهی خیلی سریع رشد می کنن رو نام ببری، اون ویژگی چیه؟ جواب ما به این سؤال، «روحیه ی حل مسئله»  ست. اینکه یک نفر از توان و ظرفیت یادگیریش استفاده کنه و تجربه هاش رو با خلاقیت به ایده های نو تبدیل کنه، همون روحیه ایه که در سحاب به دنبالشیم. اگه این ویژگی ها رو در خودت می بینی و به React هم علاقه داری، ما تو سحاب منتظرتیم تا این مسیر رو با هم شروع کنیم.,سحاب,https://quera.org//magnet/jobs/x78m6,"['JavaScript', 'HTML', 'CSS', 'React', 'TypeScript', 'Junior', 'تمام وقت']",تهران,۱۰ اردیبهشت ۱۴۰۳،‏ ۱۲:۴۹
5,استخدام Senior Front-end Developer (React),به عنوان یک توسعه دهنده ی ارشد React، با لایه های عمیق تری از نرم افزار مثل معماری، درگیر میشید و دانش شما در زمینه ی مهندسی نرم افزار، مهم تر از یک تکنولوژی یا زبان خاصه. تجربه چند ساله شما در این زمینه، لازمه ی تصمیم گیری درست در مواقع خاص و هدایت و آموزش نیروهای تازه کار تره. توانایی درک و تحلیل درست مسئله و ارائه راه حل بهینه برای مسائل یکی از مهم ترین توانمندی های شما در این نقشه.,سحاب,https://quera.org//magnet/jobs/r7qrq,"['HTML', 'CSS', 'TypeScript', 'JavaScript', 'React', 'Senior', 'تمام وقت', 'امکان دورکاری']",تهران,۱۰ اردیبهشت ۱۴۰۳،‏ ۱۲:۴۹
6,استخدام Senior UI/UX Designer,ما در دپارتمان طراحی سحاب به دنبال طراح محصولی با توانمندی های مرتبط در حوزه های تجربه کاربر، رابط کاربر و تحقیق کاربری هستیم. طراح محصول سحاب می بایست تجربه ای قابل اثبات در طراحی محصولات و درک عمیقی از اصول و فرایند های طراحی کاربرمحور داشته باشد. از هم تیمی هامون در تیم طراحی سیستم سحاب انتظار داریم در تعامل با بقیهٔ تیم در حصول اطمینان از یکپارچگی و بهینه بودن محصولات سازمان به ما کمک کند. مسئولیت ها  مطالعه و تحلیل نیازمندی های کاربر و تجربه  کاربر تبدیل ایده ها به راه حل های کاربردی و ارزشمند برای کاربران نقش فعال در تصمیمات استراتژیک درمورد آینده  محصولات جمع آوری بازخورد در جهت بهبود مداوم کیفیت و افزایش رضایت در محصولات مشارکت در طراحی دیزاین سیستم  در مقیاس سازمانی ارائه رویکرد های خلاقانه در طراحی و بهبود سیستم ها رعایت اصول و فرایند های دیزاین کاربر محور ارتباط با تیم دیزاین سیستم جهت یکپارچه سازی و رعایت استانداردهای بالای سحاب در دیزاین محصولات     ,سحاب,https://quera.org//magnet/jobs/g9g6x,"['Adobe Illustrator', 'Figma', 'Senior', 'تمام وقت']",تهران,۱۰ اردیبهشت ۱۴۰۳،‏ ۱۲:۴۸
7,استخدام برنامه‌نویس WordPress (اصفهان),آیا برنامه نویسی هستی که میتونی صفر تا صد یک پروژه وردپرسی را جلو ببری! ما بسیار هیجان زده هستیم که یک برنامه نویس وردپرس را دعوت کنیم تا به عضوی حیاتی در تیم ما تبدیل بشه. ما نیاز به آدم های خود جوش داریم افرادی که بتوانند موقعیت های مختلف را مدیریت کرده و تیم ستاره های ما را تکمیل کنند. اگر آنقدر قوی هستی که از پس چنین موقعیت حساس بربیای، به استاندارد های بالای ما برسی و هم پای شرکت ما رشد کنی، روزمه ات رو برای ما ارسال کن، چرا که همیشه اعضای تیم ما بر اساس عملکردشان ارتقاء می یابند، نه براساس سمت و نه بر اساس جایگاه.   به عنوان یک برنامه نویس وردپرس در راست چین :  اگر با HTML/CSS/jQuery آشنایی داری. برنامه نویسی PHP ازمهارته. تسلط کامل به ویرایش و ساخت فایل استایل برای زبان فارسی (RTL.CSS)را داری. اگر به نرم افزار Poedit Pro تسلط کامل داری. اگر به زیروبم کنترل پنل هاست (cPanel) مسلطی. اگر طراحی قالب ها و افزونه های وردپرسی را بلدی.اینجا یک تیم قوی داره دنبال ستاره های بیشتر میگرده تا بتونه محصولات قدرتمندی را به بازار ارائه کنه.همراهی با یک تیم حرفه ای یعنی قرار گرفتن در مسیر رشد.اگردوست داری در این راه مارا همراه باشی رزومه ات را ارسال کن تا بتونیم در کنار یکدیگر گامهای موثری  را  برداریم.   ,راست چین,https://quera.org//magnet/jobs/qpwvx,"['HTML', 'CSS', 'Bootstrap 5', 'WordPress', 'Senior', 'تمام وقت', 'امکان دورکاری']",اصفهان,۱۰ اردیبهشت ۱۴۰۳،‏ ۱۰:۴۸
8,استخدام برنامه‌نویس WordPress (تهران),آیا برنامه نویسی هستی که میتونی صفر تا صد یک پروژه وردپرسی را جلو ببری! ما بسیار هیجان زده هستیم که یک برنامه نویس وردپرس را دعوت کنیم تا به عضوی حیاتی در تیم ما تبدیل بشه. ما نیاز به آدم های خود جوش داریم افرادی که بتوانند موقعیت های مختلف را مدیریت کرده و تیم ستاره های ما را تکمیل کنند. اگر آنقدر قوی هستی که از پس چنین موقعیت حساس بربیای، به استاندارد های بالای ما برسی و هم پای شرکت ما رشد کنی، روزمه ات رو برای ما ارسال کن، چرا که همیشه اعضای تیم ما بر اساس عملکردشان ارتقاء می یابند، نه براساس سمت و نه بر اساس جایگاه.  ,راست چین,https://quera.org//magnet/jobs/9w9xq,"['CSS', 'WordPress', 'HTML5', 'PHP', 'Senior', 'تمام وقت', 'امکان دورکاری']",تهران,۱۰ اردیبهشت ۱۴۰۳،‏ ۱۰:۴۸
9,استخدام Software Engineer,توجه: لطفا قبل از ارسال رزومه قسمت مهارت های مورد نیاز مطالعه شود!!! ماموریت راستین راستین، یک استارت آپ فین تک (فناوری مالی) تو حوزه کریپتو هست و تقریبا دو سال است از ارائه اولین محصول به بازار می گذرد. ما سعی می کنیم تا با ساده کردن مفهوم پیچیده بلاکچین و پیدا کردن راه های ارزش آفرین، از ظرفیت این تکنولوژی برای توسعه محصولات کاربردی استفاده کنیم. استارتاپ ما با محیط کاری پویا و سریع، به مسئولیت پذیری، خلاقیت و مشتری مداری اهمیت می دهد. به عنوان عضوی از تیم ما، این فرصت را خواهید داشت که روی پروژه های هیجان انگیزی کار کنید که تاثیر واقعی بر تجارت و بازار ما خواهند داشت.   فرهنگ و ارزش های راستین مسئولیت پذیری مهمترین ارزش فرهنگی راستین است. اعضای راستین دنبال به عهده  گرفتن مسئولیت های جدید و چالشی هستند و خود را مسئول به نتیجه رساندن آن وظایف می دانند. به آن ها آزادی عمل داده می شود ولی در قبال نتیجه ی آن مسئول هستند. ارزش بعدی که در راستین اهمیت دارد توانایی کار تیمی است. در راستین معتقدیم همه ی کار های بزرگ در بستر تیم انجام می شود و کسانی که دارای این توانایی نباشند جایی در فرهنگ راستین ندارند. افرادی که غرور زننده ای دارند و یا کسانی که نمی توانند ارتباط مناسبی با دیگران برقرار کنند راستین جای آن ها نیست! و در نهایت سرعت! ما به سرعت اعتقاد داریم. البته منظورمان سرعتی نیست که کیفیت را کاهش دهد. ما معتقدیم همه ی کار هایی که به نظر سخت و طولانی به نظر می رسند معمولا  راه های هوشمندانه و سریعی دارند. ما دنبال این راه های هوشمندانه ای هستیم که بتواند سرعت ما را چندین برابر دیگران کند.   مسئولیت های یک مهندس نرم افزار در راستین ما در راستین با حجم بالایی از ریکوئست ها در مدت زمانی کوتاه روبه رو هستیم. چنین شرایطی نیازمند طراحی و توسعه سامانه هایی با اسکیل و قابلیت گسترش بالا و هزینه نگهداری پایین با استفاده از ابزارهای روز دنیاست. شما با ملحق شدن به تیم ما، تجربه کار با هم تیمی های خلاق و بااستعداد را خواهید داشت که مسئولیت تحویل کدهای باکیفیت برای مدیریت میلیون ها ریکوئست ماهیانه را دارند. همچنین در این موقعیت شغلی نیاز داریم هم تیمی جدیدمون با تجربه مناسب، مفهوم اسکیل پذیری را درک کند و در راستای عبور از حجم بالای فعالیت ها تکنیکال عبور کنیم. بنابراین به عنوان « Software Engineer » در راستین مسئولیت انجام وظایف زیر را به عهده خواهید داشت:  تولید کد های با کیفیت به زبان پایتون بهبود زیرساخت ها و توسعه سرویس های جدید آشنایی کافی با حداقل یکی از متدولوژی های اجایل دانش کافی از مفاهیم پایه ی علوم کامپیوتر همکاری با سایر اعضای تیم فنی کمک به مقیاس پذیری استارتاپ ایجاد بستر مناسب برای توسعه محصول علاقه به یادگیری تکنولوژی های روز دنیا ,راستین,https://quera.org//magnet/jobs/v7jpr,"['PostgreSQL', 'Redis', 'Python', 'Django', 'Junior', 'تمام وقت']",تهران,۹ اردیبهشت ۱۴۰۳،‏ ۱۶:۰۵
10,استخدام توسعه‌دهنده Front-end,شرح موقعیت شغلی مجموعه پیشرو ابتکار و دانش جهت تکمیل تیم خود به یک فرانت اند دولوپر نیاز دارد. ما در پانتوهلث به رشد و یادگیری پایبندیم و به  دنبال افرادی از جنس خودمان هستیم؛ افرادی که باانگیزه، سخت کوش، نتیجه گرا و مشتاق پیشرفت باشند.مسئولیت ها:  پیاده سازی قابلیت های محصول در سمت کاربر توسعه قابلیت های فعلی بهبود یا بازنویسی کد نوشتن کد خوانا، تمیز و استاندارد با کارایی بالا مسئولیت پذیری و توانایی تعامل با سایر افراد و تیم ها چالش پذیری و توانایی تحلیل مسئله دقت بالا در اجرای طرح های گرافیکی  مهارت های مورد نیاز:  تسلط بر HTML5/CSS3 دانش عمیق نسبت به JavaScript و ES6-ES7 تسلط کامل بر React و مفاهیم آن تسلط بر Redux و Axios آشنایی با REST و Git  مهارت های امتیازی:  آشنایی با مفاهیم نوشتن تست به صورت Unit Test و Integration Test آشنایی با leaflet.js و moment.js آشنایی با Styled Components و Chakra UI داشتن تجربه ی انجام کار تیمی  بخشی از وظایف شما:  شرکت در جلسات اسپرینت و ارائه ی پیشنهاد برای بهبود پیش برد روند پروژه ها پاسخ گویی و رفع اشکال (Debugging) بخش های پیاده سازی شده  معرفی شرکت شرکت دانش بنیان پیشرو ابتکار و دانش، از واحدهای فناور مرکز رشد دانشگاه صنعتی شریف، پس از فعالیت  در داخل کشور، در حال صادرات تجهیزات و محصولات خود در زمینه فناوری اطلاعات (IoT) در صنعت ریلی به اتحادیه اروپا می باشد.,پیشروابتکارودانش,https://quera.org//magnet/jobs/6pmdp,"['Redux', 'React', 'Junior', 'تمام وقت', 'امکان دورکاری']",unknown,۹ اردیبهشت ۱۴۰۳،‏ ۱۲:۳۸
11,استخدام برنامه‌نویسی میکروکنترلر,در حال حاضر پروژه ی در دست کار شرکت، اضافه کردن ماژول IoT به محصول اصلی شرکت تعریف شده است. ترکیبی از دانش سخت افزار، برنامه نویسی میکروکنترلرهای خانواده Holtek، محیط Arduino برای ماژول esp، پروتکلهای ارسال و دریافت دیتا و درک نحوه کار rtos نیازمندی های اصلی این پروژه هستند. زبان برنامه نویسی این پروژه C و ++C خواهند بود. همچنین، تیم فعلی دو نفره بوده (طراحی سخت افزار و آماده سازی سرور و اپ) و همکار جدید ما کار خود را از کد سطح پایین C بر روی سخت افزار شروع میکند. پرچالش ترین قسمت پروژه ایجاد ارتباط بین سه میکروکنترلر، جمع آوری و پکت بندی دیتا، توجه به low power بودن سیستم و ایجاد ابزار دیباگ و OTA است.,شرکت مهندسی شایگان,https://quera.org//magnet/jobs/w7k9v,"['C++', 'ARM', 'C', 'Senior', 'تمام وقت', 'حقوق ۱۶,۰۰۰,۰۰۰ تا ۲۶,۰۰۰,۰۰۰']",unknown,۹ اردیبهشت ۱۴۰۳،‏ ۱۲:۳۵
12,استخدام Senior Front-end Developer (React),به عنوان یک توسعه دهنده ی ارشد React، با لایه های عمیق تری از نرم افزار مثل معماری، درگیر میشید و دانش شما در زمینه ی مهندسی نرم افزار، مهم تر از یک تکنولوژی یا زبان خاصه. تجربه چند ساله شما در این زمینه، لازمه ی تصمیم گیری درست در مواقع خاص و هدایت و آموزش نیروهای تازه کار تره. توانایی درک و تحلیل درست مسئله و ارائه راه حل بهینه برای مسائل یکی از مهم ترین توانمندی های شما در این نقشه.برای خلق یک رابط کاربری خوب حتما نیاز میشه که  به JavaScript و CSS و HTML خوب مسلط باشی ReactJs تو مشتت باشه بتونی مسائل رو حل کنی و با الگوریتم ها میونه خوبی داشته باشی اصول طراحی و پیاده سازی صفحات Responsive رو خوب بدونی اینکه به تجربه ی کاربر(UX) اهمیت بدی و UI خوبی هم طراحی کنی مهمه از همه مهمتر اینه که اهل کار تیمی باشی و زمانت رو درست مدیریت کنی کد های خوانا، تمیز و استانداردی بنویسی به یادگیری مطالب جدید علاقه مند باشی و خودت رو بروز نگه داری ,رایانوید سامانه,https://quera.org//magnet/jobs/79jmd,"['JavaScript', 'Node.js', 'TypeScript', 'Redux', 'React', 'Senior', 'تمام وقت', 'امکان دورکاری']",تهران,۸ اردیبهشت ۱۴۰۳،‏ ۱۲:۳۴
13,استخدام کارشناس ارشد برنامه‌نویسی Angular,*************************** لطفا در صورتیکه در اصفهان سکونت دارید، رزومه ارسال نمایید. ******************************** ما به نیرویی با انگیزه و باتجربه در زمینه برنامه نویسی Angular با حداقل 5 سال سابقه کار و شرایط زیر نیاز داریم. نیروهای ما در محیطی فعال با تکنولوژی های نوین مدیریت پروژه و انواع روش های جدید توسعه کار می کنند. لذا، افرادی که به این مباحث آشنا باشند و یا مشتاق به یادگیری باشند، در اولویت انتخاب خواهند بود.,مهندسی ارتباطی پیام پرداز,https://quera.org//magnet/jobs/9w9vq,"['HTML5', 'Sass', 'ES6 Class', 'AngularJS', 'TypeScript', 'Senior', 'تمام وقت']",اصفهان,۸ اردیبهشت ۱۴۰۳،‏ ۱۲:۰۵
14,استخدام توسعه‌دهنده پردازش تصویر (AI),شرکت امیدفضا بعنوان یک شرکت دانش بنیان، در حوزه طراحی و ساخت ماهواره فعالیت دارد. پروسه طراحی و ساخت به طور کامل در این شرکت انجام می شود. ماهواره مورد نظر پس از پرتاب برای ارائه خدمات خود نیازمند پلتفرم های نرم افزاری برای ارائه ارزش خود به عموم مردم و کسب و کار های می باشند. تیم نرم افزاری امیدفضا متشکل از تخصص های مختلف در حال توسعه این پلتفرم ها می باشند. برای بخش هوش مصنوعی و پردازش تصویر نیازمند فردی با مشخصات اشاره شده هستیم,گروه نوآور امیدفضا,https://quera.org//magnet/jobs/pp69k,"['TensorFlow', 'OpenCV', 'Pytorch', 'Machine Learning', 'Neural Network', 'Junior', 'تمام وقت']",تهران,۵ اردیبهشت ۱۴۰۳،‏ ۱۷:۱۸
15,استخدام توسعه‌دهنده #Back-end - C,شرکت امیدفضا بعنوان یک شرکت دانش بنیان، در حوزه طراحی و ساخت ماهواره فعالیت دارد. پروسه طراحی و ساخت به طور کامل در این شرکت انجام می شود. ماهواره مورد نظر پس از پرتاب برای ارائه خدمات خود نیازمند پلتفرم های نرم افزاری برای ارائه ارزش خود به عموم مردم و کسب و کار های می باشند. تیم نرم افزاری امیدفضا متشکل از تخصص های مختلف در حال توسعه این پلتفرم ها می باشند. برای بخش Back end نیازمند فردی با مشخصات اشاره شده هستیم,گروه نوآور امیدفضا,https://quera.org//magnet/jobs/g9gdx,"['ASP.NET', 'WPF', 'Back-end', 'C#', 'MAUI', 'Junior', 'تمام وقت']",تهران,۵ اردیبهشت ۱۴۰۳،‏ ۱۷:۱۸
16,استخدام توسعه‌دهنده وب, به یادگیری علاقمند باشید و خود را با دانش روز همراه سازید. به توسعه مهارت های فردی خود و تیم اهمیت دهید. معتقد به تولید محصول با کیفیت باشید. اهل کار تیمی و پیگیر پیشبرد پروژه باشید. در حوزه فوق کار آموز به صورت حضوری پذیرش می شود. ,نوید تیمچه تجارت نیل,https://quera.org//magnet/jobs/dpjrv,"['React', '.NET', 'Junior', 'تمام وقت', 'امکان دورکاری']",کرمان,۵ اردیبهشت ۱۴۰۳،‏ ۱۷:۱۶
17,استخدام توسعه‌دهنده Front-end,فرصت همکاری در پروژه های شهر هوشمند و کارخانه هوشمندآشنایی و کار با تکنولوژی های روز دنیا در حوزه اینترنت اشیاء صنعتی برای توسعه دهندگان Junior و mid-level و senior حقوق از ۱۲ تا ۳۰ میلیون تومان شرح شغل  توسعه، بهبود و به روز رسانی رابط کاربری ایجاد، تست، بازبینی و تحلیل تنگناهای برنامه ها حصول اطمینان از امکان پذیر بودن اجرای طراحی های UI/UX ایجاد برنامه های Responsive و ویژگی های مبتنی بر موبایل بهینه سازی برنامه ها از نظر کارایی و مقیاس پذیری ایجاد کدهای با کیفیت به منظور افزایش کارایی و سرعت تیم پیشنهاد راه حل مناسب برای سیستم با در نظر گرفتن مزایا و معایب همه راه حل های موجود ارتباط مستمر و سازنده با مدیر پروژه و دیگر اعضای تیم ,محرکه گستر آرشید,https://quera.org//magnet/jobs/jqgr8,"['JavaScript', 'HTML5', 'CSS3', 'Bootstrap Sass', 'Vue.js', 'Junior', 'تمام وقت', 'حقوق ۱۲,۰۰۰,۰۰۰ تا ۲۲,۰۰۰,۰۰۰']",اصفهان,۵ اردیبهشت ۱۴۰۳،‏ ۱۶:۰۱
18,استخدام توسعه‌دهنده ASP.NET,"ما در تیم دانش بنیان شهپر، برای پیاده‏ سازی و توسعه سامانه هامون به یک دوست جوان با عنوان ""توسعه دهنده NET."" نیاز داریم که علاوه بردانش و مهارت های مورد نیاز این موقعیت شغلی، شور و اشتیاق زیادی برای حل چالش‏ های جدید داشته باشد. اگر شما فردی هستید که همه یا بخشی از توانمندی های زیر رو دارید، خیلی خوشحال خواهیم شد بتونیم در جمع خودمون شمارو داشته باشیم و همکارهای خوبی برای هم باشیم.",شهپر اندیشه کادوس,https://quera.org//magnet/jobs/qpwgx,"['JavaScript', 'HTML', 'Git', 'SQL', 'ASP.NET', 'Junior', 'تمام وقت']",تهران,۳ اردیبهشت ۱۴۰۳،‏ ۱۵:۲۳
19,استخدام برنامه‌نویس PHP,"ما در مجموعه ""مهندسی داده آوران"" جهت تکمیل تیم تولید خود نیازمند حضور همکار برنامه نویس PHP با تجربه کاری مفید در تولید و توسعه ی نرم افزارها هستیم. در این فرصت شغلی، شما همراه با تیم توسعه همکاری می کنید تا پروژه های داده آوران را توسعه دهید. مسئولیت ها:  تولید کدهای تست پذیر، قابل نگهداشت و قابل استفاده مجدد همکاری و تعامل اثربخش با اعضای تیم، مالک محصول و مدیر فنی ارائه راه حل های ساده، کارا و خلاقانه برای مسائل پیچیده دیباگ و رفع خطا ",داده آوران بهین طرح,https://quera.org//magnet/jobs/6pmrp,"['MySQL', 'React', 'Laravel', 'Next.js', 'PHP', 'Senior', 'تمام وقت', 'حقوق ۲۵,۰۰۰,۰۰۰ تا ۳۵,۰۰۰,۰۰۰']",تهران,۳ اردیبهشت ۱۴۰۳،‏ ۱۳:۲۹
20,استخدام برنامه‌نویس #C,"ما در مجموعه ""مهندسی داده آوران"" جهت تکمیل تیم تولید خود نیازمند حضور همکار برنامه نویس Full Stack Developer .NET Core با تجربه کاری مفید در توسعه ی نرم افزارهای تحت وب و تحت ویندوز هستیم. در این فرصت شغلی، شما همراه با تیم توسعه همکاری می کنید تا پروژه های داده آوران را توسعه دهید. مسئولیت ها:  تولید کدهای تست پذیر، قابل نگهداشت و قابل استفاده مجدد همکاری و تعامل اثربخش با اعضای تیم، مالک محصول و مدیر فنی ارائه راه حل های ساده، کارا و خلاقانه برای مسائل پیچیده دیباگ و رفع خطا ",داده آوران بهین طرح,https://quera.org//magnet/jobs/w7krv,"['ASP.NET MVC', 'Entity Framework', 'Solid Principles', 'Core', 'C#', 'Senior', 'تمام وقت', 'حقوق ۳۰,۰۰۰,۰۰۰ تا ۴۰,۰۰۰,۰۰۰']",تهران,۳ اردیبهشت ۱۴۰۳،‏ ۱۳:۰۶
21,استخدام توسعه‌دهنده React Native,تیم کایا در نظر دارد در زمینه پروژه های بین المللی برنامه نویسی ، اقدام به جذب برنامه نویس ارشد React Native نماید. نحوه فعالیت بصورت پروژه ای می باشد. اگر خوش برخورد و مثبت نگر و علاقه مند به پروژه های بین المللی با موضوعات متنوع هستید، جای شما در تیم ما خالیست! شرایط کاری:  حقوق به صورت پروژه ای. امکان دورکاری فراهم می باشد. ,کایا,https://quera.org//magnet/jobs/dpjgv,"['React Native', 'Senior', 'پروژه ای', 'امکان دورکاری']",تبریز,۲ اردیبهشت ۱۴۰۳،‏ ۱۲:۵۰
22,استخدام توسعه‌دهنده فول استک MERN,تیم کایا در نظر دارد در زمینه پروژه های بین المللی برنامه نویسی ، اقدام به جذب برنامه نویس ارشد MERN نماید. نحوه فعالیت بصورت پروژه ای می باشد. اگر خوش برخورد و مثبت نگر و علاقه مند به پروژه های بین المللی با موضوعات متنوع هستید، جای شما در تیم ما خالیست! شرایط کاری:  حقوق به صورت پروژه ای. امکان دورکاری فراهم می باشد. ,کایا,https://quera.org//magnet/jobs/86kj9,"['Next.js', 'React', 'Node.js', 'Senior', 'پروژه ای', 'امکان دورکاری']",شیراز,۲ اردیبهشت ۱۴۰۳،‏ ۱۲:۵۰
23,استخدام کارشناس تست نرم افزار (QA-دورکاری),"مجموعه پانتو هلث در راستای تکمیل تیم فنی خود از واجدین شرایط به صورت تمام وقت دعوت به همکاری می نماید:  مهارت های تخصصی:  آشنایی با مفاهیم دیتابیس، سیستم عامل لینوکس و شبکه آشنایی یا علاقه مند به متدولوژی، فرآیندها و ابزارهای آزمون نرم افزار علاقه مندی نسبی با استانداردهای تست نرم افزار، مفاهیم مهندسی نرم افزار و تحلیل نیازمندی ها و مستند سازی علاقه مند به نوشتن Test Caseو طراحی سناریوی تست علاقه مند به انجام تست های Performance, Scalability, Functional, Stress Integration, Usability,… علاقه مند به اجرای موردهای آزمون و تحلیل و ریشه یابی و استخراج نحوه و شرایط بروز خطا تدوین چک لیست های کنترل کیفیت نرم افزار   کار به شکل کاملا ریموت و دورکاری می باشد شرایط کاری: * همکاری بصورت تمام وقت است.* روزها و ساعات کاری: غیر از روز های یکشنبه و جمعه ، ساعت ۱۰ الی ۱۸ (قابل مذاکره)  مهارت هایی که در طول دوره فرا خواهید گرفت:   تسلط کامل به متدولوژی، فرآیندها و ابزارهای آزمون نرم افزار تسلط کامل به استانداردهای تست نرم افزار، مفاهیم مهندسی نرم افزار و تحلیل نیازمندی ها و مستند سازی تسلط کامل به طراحی سناریوی تست تسلط کامل به تحلیل و ارائه گزارش از باگ های نرم افزار آشنایی با فرآیند های مدیریت تیم های IT   مزایا:  دورکاری به شکل کامل پاداش ساعت کاری کارگاه های آموزشی رایگان کار با استارتاپ بین المللی در حوزه حمل و نقل و IoT  * فارغ التحصیلان یا دانشجویان فقط ترم آخر رشته های مهندسی کامپیوتر/ فناوری اطلاعات/ علوم کامپیوتر/مهندسی صنایع/مهندسی برق * آشنا به فرایند تولید و تست نرم افزار و سناریونویسی تست* مهارت در مفاهیم بنیادین تحلیل و تحلیل قوانین و فرآیندهای کسب و کاری ساده* توانایی مستند کردن کامل خطاها و اشکالات کسب و کاری و ابهامات تحلیلی* صبور، کنجکاو ، دقیق و توانمند در بررسی جزییات محصول* دارای دقت و هوش بالا* دانش پایه ای پایگاه داده SQL* دانش پایه ای جیسون و یمل* آموزشهای تکمیلی موارد بالا داده خواهد شد. معرفی شرکت شرکت دانش بنیان پیشرو ابتکار و دانش، از واحدهای فناور مرکز رشد دانشگاه صنعتی شریف، پس از فعالیت  در داخل کشور، در حال صادرات تجهیزات و محصولات خود در زمینه فناوری اطلاعات (IoT) در صنعت ریلی به اتحادیه اروپا می باشد.",پیشروابتکارودانش,https://quera.org//magnet/jobs/x7dg9,"['Quality Assurance', 'Testing', 'Junior', 'تمام وقت', 'امکان دورکاری']",unknown,۱ اردیبهشت ۱۴۰۳،‏ ۲۰:۴۶
24,استخدام کارآموز Front-end ( Vue.js ),"ما در شرکت دانش بنیان نوادی به یک کارآموز منظم، مسئولیت پذیر، صبور و با دقت و حوصله در حوزه برنامه نویسی Front-end نیاز داریم که کمی آشنایی و تجربه کار با Vue.js داشته باشه. میانگین سنی ما توی نوادی ۲۷ سال هست، پس لازمه که عضو جدید تیممون مثل بقیه همکاران روحیه جوان و پرانرژی داشته باشه و برای رسوندن تیم به هدف هایی که داره تلاش کنه.طول دوره کارآموزی : ۲ الی ۳ ماه بدون حقوقما شرایط استخدام برای بعد از دوره کارآموزی رو در همان جلسه مصاحبه به اطلاع شما میرسونیم. پس اگر فکر میکنید که قراره مسیر شغلیتون در حوزه برنامه نویسی Front-end (Vue.js) باشه و توی این مسیر به یک متخصص حرفه ای تبدیل بشید، اقدام کنید...قراره چه چیزهایی یاد بگیری ؟  آشنایی عمیق با فریمورک جاوااسکریپت Vue آشنایی با Axios, Vuex آشنایی با Git, GitFlow آشنایی به فرآیند تست نویسی و آشنایی با ابزارهای آن تمرین حرفه ای کار تیمی تجربه پروژه های Large Scale  دفتر کار ما توی احمدآباد مستوفی هست. از صادقیه و آزادی سرویس رفت و برگشت وجود داره پس اگر ساکن غرب تهران هستید یا به مترو دسترسی دارید، اصلا نگران رفت و آمد نباشید. محیط کار و تیم ما رو توی سایت و اینستاگراممون میتونید ببینید. در نهایت خوشحال میشیم سال ۱۴۰3 و سال های بعدش کلی خاطره خوب با هم در نوادی بسازیم. منتظر رزومه هاتون هستیم. راستی ساعت کاری ما شنبه تا چهارشنبه از ۸ تا ۱۷ هست. ناهار هم مهمون شرکت هستید.",Novaday,https://quera.org//magnet/jobs/jqg88,"['JavaScript', 'Vuetify.js', 'Vuex', 'Vue.js', 'Intern', 'تمام وقت']",تهران,۱ اردیبهشت ۱۴۰۳،‏ ۱۲:۲۳
25,استخدام منتور بوت‌کمپ Golang,ما در کوئرا به دنبال یک منتور و توسعه دهنده خلاق، با تجربه و علاقه مند به آموزش در زمینه Golang هستیم که هم تسلط بالایی بر بخش های مختلف مهندسی نرم افزار داشته باشه و هم با مهارت هاش در زمینه آموزش برنامه نویسی ما رو در ساختن جامعه ای برای برنامه نویسان همراهی کنه. از اردیبهشت امسال دوره جدید بوت کمپ های کوئرا در زمینه آموزش مهندسی نرم افزار با Golang برگزار می شه و شما در این بوت کمپ ها وظیفه حضور در جلسات دیلی، آموزش مباحث به شرکت کنندگان، پاسخگویی به سوال هاشون و همراهی شون در زمان انجام پروژه های بوت کمپ رو دارید. این موقعیت شغلی به صورت پارت تایمه و شما حتی با زمان  گذاری به اندازه ۴۰ ساعت در ماه هم می تونید واردش بشید! در زمان برگزاری بوت کمپ شما با افراد سنیور کوئرا در تعامل هستید و شرایط رشد و یادگیری شما وجود داره. اگه آموزش برنامه نویسی براتون جذابه و دوست دارید به دیگران کمک کنید تا بهتر برنامه نویسی رو یاد بگیرن، مشتاقیم که با هم بیشتر آشنا بشیم :),Quera,https://quera.org//magnet/jobs/mpg97,"['Docker', 'MySQL', 'Go', 'Junior', 'پاره وقت']",unknown,۱ اردیبهشت ۱۴۰۳،‏ ۱۰:۵۷
26,استخدام Back-end Developer .NET Core,ما در حال حاضر به دنبال یک Back-end Developer .NET Core با تجربه کاری مفید (Mid Level Developer) در توسعه ی نرم افزارهای تحت وب هستیم. در این فرصت شغلی، شما همراه با تیم توسعه همکاری می کنید تا پروژه های ایده پرداز را توسعه دهید.  ,ایده پرداز تجارت الکترونیک,https://quera.org//magnet/jobs/dpj9v,"['C#', 'SQL Server', 'Entity Framework', '.NET Core', 'ASP.NET Web API', 'Junior', 'تمام وقت']",تهران,۲۰ فروردین ۱۴۰۳،‏ ۱۱:۱۰
27,استخدام مهندس داده‌ها | Data Engineering,"ما از تیم هایی تشکیل شدیم که با روش های چابک و فناوری های به روز محصولات مختلفی را در حوزه فضای مجازی توسعه می دیم. تیم مهندسی داده ها، به عنوان ورودی و تأمین کننده داده های مورد نیاز محصولات، از اهمیت بسیار بالایی برخورداره و از اونجایی که داده ها در سطح فضای مجازی از حجم بسیار بالایی برخوردارن، مقیاس کاری ما در سطح کلان داده ها قرار داره. اگه آماده هستید، پس ما هم امید این رو داریم که باهم ماجراجویی رو شروع کنیم :)   شرح شغل/ مسئولیت ها:  طراحی، پیاده سازی و نگهداری خطوط ترابری داده در لحظه با مقیاس کلان داده (Big Data Stream Messaging) طراحی، پیاده سازی و نگهداری جریان داده پردازشی در لحظه با مقیاس کلان داده (Big Data Stream Processing) طراحی، پیاده سازی و نگهداری پایگاه داده، انبار داده و دریاچه داده با مقیاس کلان داده (Big Data Storing) توانایی پیاده سازی و بهبود فرآیند ETL/ELT (Big Data Transformation) توانایی بررسی داده و ارائه ساختار داده (Data Modeling) پایش وضعیت عملکرد سرویس ها (Metric and Health Monitoring) توانایی تعامل با مهندسین نرم افزار و محققین داده ها (Collaborating closely with cross-functional teams, including Data Scientists and Software Engineers) ",پژوهشگاه توسعه فناوری‌های پیشرفته,https://quera.org//magnet/jobs/r7jxq,"['Python', 'Kubernetes', 'Apache Nifi', 'Elasticsearch', 'Apache Kafka', 'Senior', 'تمام وقت']",تهران,۲۹ فروردین ۱۴۰۳،‏ ۱۵:۲۱
28,استخدام برنامه‌نویس حرفه‌ای PHP,قرار است بر بستر espocrm و با استفاده از امکان BPM موجود در آن سرویس مورد نظر راه اندازی شود. به همین دلیل کاندید گرامی می بایست با فرض توسعه این محصول اعلام آمادگی کنند. در صورت تمایل برنامه زیر را نوشته و همراه با رزومه خود ارسال نمایید : یک اکستنشن برای espo crm طراحی کنید که هنگامی که یک فرد یک انتیتی جدید در قسمت لیدز ثبت میکند ایمیلی با عنوان ` سلام دنیا ` و متن حاوی محتوای انتیتی ثبت شده برای ایمیل همین آگهی استخدامی ارسال شود. مستندات ایجاد اکستنشن برای espo crm :https://docs.espocrm.com/development/ لازم به ذکر است espo crm رایگان بوده و میتوانید بر روی لوکال هاست آن را نصب و اکستنشن مربوطه را طراحی کنید. سپس فایل زیپ مربوطه را همراه با رزومه خود ارسال نمایید.,آزمودگان,https://quera.org//magnet/jobs/v7j8r,"['CSS', 'PostgreSQL', 'MariaDB', 'PHP', 'API', 'Senior', 'تمام وقت', 'امکان دورکاری']",تهران,۲۸ فروردین ۱۴۰۳،‏ ۱۹:۵۶
29,استخدام توسعه‌دهنده فول استک (JavaScript),در این جایگاه شغلی، شما به عنوان توسعه دهنده فول استک، بر روی یکی از محصولات شرکت یعنی وب اپلیکیشن «تایم لاین» کار خواهید کرد.شما به عنوان توسعه دهنده ارشد جاوا اسکریپت، باید تجربه کافی در هر دو بخش توسعه بکند و فرانت اند داشته باشید و بتوانید بدون مشکل با توجه به شرایط موجود در هر یک از این دو بخش فعالیت کنید.با توجه به ماهیت اپلیکیشن، آشنایی با حوزه موسیقی و صوت و علاقه مندی به فعالیت در این رابطه، امتیاز مثبت محسوب خواهد شد.روزهای کاری شنبه تا ۴ شنبه و به میزان ۴۰ ساعت در هفته بوده و محل کار در شهر تهران و در محله الهیه و نزدیک به ایستگاه مترو می باشد. لطفا آخرین ورژن از روزمه خودتان را به همراه میزان حقوق درخواستی برای این جایگاه شغلی ارسال کنید تا پس از بررسی و تایید اولیه با شما تماس بگیریم.,رویای تداوم بینش هوشمند آراد,https://quera.org//magnet/jobs/9w9kq,"['MongoDB', 'Docker', 'React', 'Node.js', 'Senior', 'تمام وقت']",تهران,۲۸ فروردین ۱۴۰۳،‏ ۱۷:۱۵
30,استخدام توسعه‌دهنده Vue.js,ما در شتابدهنده تریگ آپ به دنبال یک هم تیمی جهت توسعه پلتفرم خدمات محور تریگ آپ در بستر وب هستیم. فردی خلاق و متعهد و مشتاق یادگیری و پیشرفت که بتونه ما رو در مسیر کمک به رشد استارتاپ ها یاری کنه.  سابقه کار با vue حداقل ۲ سال. سابقه کار با API. سابقه کار با NUXT. مسلط به js آشنایی با داکر و لینوکس مزیت محسوب میشود. امکان همکاری به صورت دورکاری وجود ندارد. ,شتابدهنده تریگ آپ,https://quera.org//magnet/jobs/w7kdv,"['API', 'Redux', 'Front-end', 'Nuxt.js', 'Vue.js', 'Senior', 'تمام وقت']",تهران,۲۸ فروردین ۱۴۰۳،‏ ۱۷:۱۵
31,استخدام کارآموز فرانت‌اند,ما در شرکت ASP به منظور تکمیل تیم توسعه دهندگان خود نیاز به کارآموز برنامه نویسی Front-end داریم تا پس از دوران کارآموزی داخل خود شرکت استخدام بشه به هنگام استخدام، روی تجربه استخدامی خیلی تاکید نداریم و بیشتر توانایی های خود فرد و توان خودیادگیری برامون مهمه. شرایط همکاری :  استخدام به صورت تمام وقت یا پاره وقت محل شرکت : تهران – خیابان شهید بهشتی - خیابان پاکستان ساعات کاری شنبه الی چهارشنبه ۸ – ۱۷ - پنج شنبه ها ۸ - ۱۳ (یک الی دو ساعت شناوری) بیمه تامین اجتماعی و بیمه تکمیلی همکاری آزمایشی به مدت ۱۲ روز شرکت مشتاق به یادگیری کارمندان خود می باشد و در این زمینه همراهشان می باشد. محیط دوستانه و تعاملی در شرکت حاکم می باشد. برگزاری جشن های سالیانه و مناسبتی ,Aseman Express,https://quera.org//magnet/jobs/pp6qk,"['CSS', 'HTML5', 'JavaScript', 'React', 'Intern', 'تمام وقت']",تهران,۲۸ فروردین ۱۴۰۳،‏ ۱۱:۳۳
32,استخدام طراح UI/UX,ما برای تکمیل تیم طراحی خود، به دنبال یک طراح UI/UX با انگیزه و خلاق هستیم تا در کنار یک تیم توسعه وب و نرم افزار، به ما در خلق تجارب کاربری منحصر به فرد و جذاب ملحق شود. اگر به چالش های جدید علاقه دارید، دارای روحیه کار تیمی و به دنبال فرصتی برای یادگیری و رشد شغلی هستید، شما را دعوت می کنیم تا به ما بپیوندید.  در صورت داشتن تجربه کافی، استخدام به عنوان نیروی ارشد (senior) نیز امکان پذیر است. ,Duo Blocks,https://quera.org//magnet/jobs/g9gmx,"['Design', 'UI/UX', 'Figma', 'Junior', 'پروژه ای']",تهران,۲۷ فروردین ۱۴۰۳،‏ ۱۶:۰۴
33,استخدام برنامه‌نویس PHP - اصفهان (امریه سربازی),ما در شرکت PartoTech با بیش از ۱۴ سال سابقه اجرای پروژه های بزرگ، فرصتی برای تجربه کارآموزی حرفه ای و امریه سربازی برای رشته های فنی و مهندسی به شما ارائه میکنیم.در پروژه های پیشرو نقش فعال خواهید داشت و فرصت یادگیری و کسب تجربه را پیدا خواهید کرد.نیازی به سابقه ی کاری زیاد نیست، تنها کافی است شور و اشتیاق فراوان همراه با ویژگی های زیر را داشته باشید:  حداقل یکسال معافیت سربازی داشته باشید. روحیه  مسئولیت پذیر داشته باشید و متعهد برای به سرانجام رساندن کارها باشید. داشتن انضباط و برنامه ریزی در انجام کارها توانایی کار تیمی و ارتباط مؤثر با دیگران  در کنار افراد با تجربه، با جدیدترین فناوری ها از جمله موارد زیر درگیر خواهید شد:  معماری توزیع شده معماری میکرو سرویس لینوکس و محیط های کانتینر سازی  شده سرویس های توزیع شده جغرافیایی سرویس های ناهمگون که دسترسی همزمان بالا دارند  اولویت با افرادی است که تجربه کار با PHP و برنامه نویس تحت وب را داشته باشند,پرتو تک سامانه,https://quera.org//magnet/jobs/86k89,"['MySQL', 'Laravel', 'Database', 'API', 'PHP', 'Intern', 'تمام وقت']",اصفهان,۲۷ فروردین ۱۴۰۳،‏ ۱۲:۰۵
34,استخدام Java Back-end Developer,"Join Shooka, a leading secure online meeting platform that customizes services for governmental organizations, large enterprises, and more. We're on a mission to revolutionize the way meetings are conducted, and we need your expertise in Java development to make it happen. About the Role: As a Java Back-end Developer, you'll be at the heart of our technical operations, working on complex server-side web applications that power our innovative video conferencing tools. With at least 3 years of experience in Java development, you'll be a key player in our collaborative team, contributing to projects that make a real impact. Main Responsibilities:  Design and Develop Applications: Your creativity and technical prowess will drive the Design and development of our applications, working closely with cross-functional teams. Video Conference Projects: Engage in exciting projects that enhance our video conferencing capabilities, setting us apart in the industry. Code Quality and Efficiency: Write well-designed, testable, and efficient code. Maintain and automate code quality to ensure a seamless user experience. Release Management: Prepare and produce releases of software components, ensuring timely delivery and excellence. ",شبکه ویدئوکنفرانس ایران (شوکا),https://quera.org//magnet/jobs/r7q6q,"['jQuery', 'Spring', 'Hibernate', 'RESTful URL', 'Java', 'Senior', 'تمام وقت']",تهران,۲۷ فروردین ۱۴۰۳،‏ ۱۱:۰۷
35,استخدام توسعه‌دهنده (Front-end (React,ما در شرکت دانش بنیان آراد بعنوان یکی از معتبرترین و بزرگ ترین شرکت ها در حوزه ارزهای دیجیتال به دنبال یک توسعه دهنده  Front-end خلاق و علاقه مند به حل مسائل چالشی هستیم تا بتوانیم درکنار هم به رشد و پیشرفت همدیگر کمک کنیم.,پیشران کسب و کار آراد,https://quera.org//magnet/jobs/kwg7x,"['HTML', 'CSS', 'React', 'Junior', 'تمام وقت']",تهران,۲۷ فروردین ۱۴۰۳،‏ ۱۰:۱۹
36,استخدام PHP - Laravel Back-end Developer,یک مجموعه دانش بنیان جهت توسعه یک پروژه استارتاپی در حوزه خدمات خودرو از برنامه نویس های مسلط به PHP - Laravel که دارای حداقل دوسال سابقه و دارای نمونه پروژه می باشند جهت همکاری به صورت تمام وقت - غیرحضوری دعوت به همکاری می نماید. درصورتی که به PHP - Laravel مسلط و دارای زمان آزاد هستید و علاقمند به همکاری با یک تیم جوان و خلاق جهت توسعه پروژه هستید که از نظر اعتبار و درآمد آینده ایده عالی را برای شما بسازد درخواست خودتان را برای ما ارسال کنید.,آچارچک,https://quera.org//magnet/jobs/jqg78,"['React', 'Laravel', 'Git', 'REST', 'PHP', 'Senior', 'تمام وقت', 'امکان دورکاری']",همدان,۲۶ فروردین ۱۴۰۳،‏ ۱۷:۳۵
37,استخدام برنامه‌نویس فلاتر,شرح موقعیت شغلیشرکت سیب اپ، جهت تقویت تیم تولید توسعه نرم افزار نیاز به جذب همکاران توانمند در حوزه ی برنامه نویسی با تکنولوژی Flutter در بخش موبایل و وب دارد. ساعت کاری: شنبه تا چهارشنبه ساعت 10:30 تا 19:30 محل کار: محدوده سعادت آباد به صورت حضوری,سیب اپ,https://quera.org//magnet/jobs/qpwqx,"['Flutter', 'Dart', 'Senior', 'تمام وقت']",تهران,۲۶ فروردین ۱۴۰۳،‏ ۱۷:۲۸
38,استخدام کارشناس تست نرم‌افزار,در این نقش باید:  به یادگیری علاقمند باشید و خود را با دانش روز همراه سازید. با مسائل و چالش های پیش رو دست و پنجه نرم کنید و حل این چالش ها را جز کارهای روزمره خود بدانید. به کیفیت محصول متعهد باشید. به جزئیات توجه کرده و دقت را در همه فعالیت های خود به عنوان اصل اول قرار دهید. با اعضای تیم تعامل سازنده برقرار کرده و مطالب را به خوبی به دیگران انتقال دهید.   ,همکاران سیستم,https://quera.org//magnet/jobs/mpg77,"['Git', 'Testing', 'UML', 'SQL', 'Automated Tests', 'Junior', 'تمام وقت']",تهران,۲۵ فروردین ۱۴۰۳،‏ ۱۸:۳۷
39,استخدام توسعه‌دهنده Pine Script,مسئولیت ها:   طراحی و توسعه استراتژی های معاملاتی مبتنی بر Pinescript در محیط Tradingview تحلیل داده های بازار و الگوریتم ها به منظور بهبود عملکرد استراتژی ها همکاری با تیم تحلیل جهت پیاده سازی استراتژی های تدوین شده طراحی و تدوین اندیکاتور ها و استراتژی های ارائه شده تیم تحلیل و بک تست گرفتن از استراتژی ها  نیازمندی های شغلی:  تجربه در برنامه نویسی با Pine Script و توانایی طراحی و پیاده سازی استراتژی آشنایی با بازارهای مالی و مفاهیم مالی تسلط بر زبان برنامه نویسی Python یا Java ضروریه توانایی حل مسائل و تفکر تحلیلی برای بهبود استراتژی های موجود تجربه و سابقه در زمینه ساخت ربات معامله گر استراتژی های ترید ,جاپکو,https://quera.org//magnet/jobs/jqgm8,"['Python', 'Java', 'Stock', 'Tradingview API', 'Pine Script', 'Senior', 'پاره وقت', 'امکان دورکاری']",unknown,۲۵ فروردین ۱۴۰۳،‏ ۱۶:۰۹
40,استخدام Financial Data Scientist Expert,"About Hermes Capital Hermes Capital stands at the forefront of financial innovation in the Iranian markets, renowned for its expertise in the high-stakes realm of cryptocurrency arbitrage in the Iranian exchanges and the TSE. Our firm operates with a sharp focus on identifying and acting upon price inefficiencies in the volatile world of digital currencies. By bridging the gap between differing valuations across multiple exchanges, we serve as a catalyst for market efficiency and liquidity. In an environment where milliseconds can Mean the difference between profit and loss, Hermes Capital leverages cutting-edge technology and advanced analytical techniques to maintain a competitive edge. Our strategies are powered by rigorous data analysis, real-time market Monitoring, and a sophisticated technological infrastructure that enables us to execute high-frequency trades with precision. Position Overview The Financial Data Analyst at Hermes Capital is a linchpin within our quant team, entrusted with the mission-critical task of mining through extensive financial data to unearth opportunities for arbitrage within the cryptocurrency sector. This role demands a blend of analytical prowess and technical fluency, coupled with an entrepreneurial spirit and a deep understanding of the intricacies of the Iranian financial market. At Hermes Capital you will:  Conduct thorough examinations of market dynamics, anticipating shifts that signal profitable trades. Employ advanced data management practices to curate and interpret vast datasets, transforming them into actionable intelligence. Collaborate closely with our team of quants and developers to craft algorithms that capitalize on arbitrage opportunities swiftly and efficiently. Present findings in a clear, concise manner using high-caliber visualization tools, aiding decision-making processes across the firm.  In this role, adaptability is key. Due to their adversarial and ever-changing nature, financial markets present unique challenges and opportunities, and our firm prides itself on being agile enough to navigate and capitalize on this terrain. You will be expected to harness your technical skills to not only adapt to this environment but also to shape the strategies that will keep Hermes Capital at the vanguard of the industry.",هرمس کپیتال,https://quera.org//magnet/jobs/qpw9x,"['Algorithm', 'Machine Learning', 'Plotly', 'Python', 'Junior', 'تمام وقت']",تهران,۲۵ فروردین ۱۴۰۳،‏ ۱۲:۲۳
41,استخدام Financial Data Scientist Intern,"About Hermes Capital Hermes Capital stands at the forefront of financial innovation in the Iranian markets, renowned for its expertise in the high-stakes realm of cryptocurrency arbitrage in the Iranian exchanges and the TSE. Our firm operates with a sharp focus on identifying and acting upon price inefficiencies in the volatile world of digital currencies. By bridging the gap between differing valuations across multiple exchanges, we serve as a catalyst for market efficiency and liquidity. In an environment where milliseconds can Mean the difference between profit and loss, Hermes Capital leverages cutting-edge technology and advanced analytical techniques to maintain a competitive edge. Our strategies are powered by rigorous data analysis, real-time market Monitoring, and a sophisticated technological infrastructure that enables us to execute high-frequency trades with precision. Position Overview The Financial Data Analyst Intern at Hermes Capital will play a supportive role within our quant team, assisting in analyzing financial data to uncover arbitrage opportunities within the cryptocurrency sector. This internship offers a unique blend of learning opportunities in data analysis, market research, and the application of technology in finance, tailored for individuals passionate about the dynamics of financial markets and emerging digital currencies. At Hermes Capital you will:  Conduct thorough examinations of market dynamics, anticipating shifts that signal profitable trades. Employ advanced data management practices to curate and interpret vast datasets, transforming them into actionable intelligence. Collaborate closely with our team of quants and developers to craft algorithms that capitalize on arbitrage opportunities swiftly and efficiently. Present findings in a clear, concise manner using high-caliber visualization tools, aiding decision-making processes across the firm.  In this role, adaptability is key. Due to their adversarial and ever-changing nature, financial markets present unique challenges and opportunities, and our firm prides itself on being agile enough to navigate and capitalize on this terrain. You will be expected to harness your technical skills to not only adapt to this environment but also to shape the strategies that will keep Hermes Capital at the vanguard of the industry.",هرمس کپیتال,https://quera.org//magnet/jobs/v7jxr,"['Python', 'Machine Learning', 'Plotly', 'Data Analysis', 'Intern', 'تمام وقت']",تهران,۲۵ فروردین ۱۴۰۳،‏ ۱۲:۲۳
42,استخدام Server and infrastructure expert,"Do something meaningful; Be a part of the future of finance technology and one of the biggest companies in the industry. Responsibilities:1. Assist in the installation, configuration, and maintenance of servers, networks, and other IT systems.2. Monitor system performance and troubleshoot issues as they arise.3. Collaborate with senior engineers to Design and implement system upgrades and enhancements.4. Provide technical support to end-users and resolve IT-related issues in a timely manner.5. Document system configurations, procedures, and troubleshooting steps.6. Assist in the management of Backup and disaster recovery solutions.7. Stay up-to-date with the latest technologies and trends in systems administration and IT infrastructure.",صرافی ارزدیجیتال تبدیل,https://quera.org//magnet/jobs/6pmjp,"['Bash', 'PowerShell', 'Firewall', 'Linux', 'Windows', 'Senior', 'تمام وقت']",تهران,۲۵ فروردین ۱۴۰۳،‏ ۱۲:۲۲
43,استخدام برنامه‌نویس Golang,در این نقش باید:  توانایی حل مسئله و مواجهه با چالش ها را داشته باشید. توانایی و انگیزه تولید برنامه هایی با قابلیت توسعه پذیری و نگهداشت بالا داشته باشید. با قواعد نوشتن تست واحد (Unit Testing) و چرخه بهبود مستمر کد (Refactoring) آشنا باشید. علاقه مند به آموختن و آموزش دادن باشید. ,همکاران سیستم,https://quera.org//magnet/jobs/w7kmv,"['SQL', 'Git', 'Go', 'Senior', 'تمام وقت']",تهران,۲۵ فروردین ۱۴۰۳،‏ ۱۲:۲۰
44,استخدام توسعه‌دهنده فول استک (JavaScript),در این جایگاه شغلی، شما به عنوان توسعه دهنده فول استک در فرهنگ گستر اقاقیا، بر روی یکی از محصولات شرکت یعنی وب اپلیکیشن «تایم لاین» کار خواهید کرد.از شما انتظار می رود تا در وهله اول ساختار و کدهای موجود را مطالعه و درک کنید، سپس با توجه به درخواست های موجود و برداشت های خودتان از مشکلات احتمالی در جهت بهبود عملکرد و تکمیل موارد مورد نیاز اقدام کنید.شما به عنوان توسعه دهنده ارشد جاوا اسکریپت، باید تجربه کافی در هر دو بخش توسعه بکند و فرانت اند داشته باشید و بتوانید بدون مشکل با توجه به شرایط موجود در هر یک از این دو بخش فعالیت کنید. با توجه به ماهیت اپلیکیشن، آشنایی با حوزه موسیقی و صوت و علاقه مندی به فعالیت در این رابطه، امتیاز مثبت محسوب خواهد شد.روزهای کاری شنبه تا ۴ شنبه و به میزان ۴۰ ساعت در هفته بوده و محل کار در شهر تهران و در محله الهیه و نزدیک به ایستگاه مترو می باشد. لطفا آخرین ورژن از روزمه خودتان را به همراه میزان حقوق درخواستی برای این جایگاه شغلی ارسال کنید تا پس از بررسی و تایید اولیه با شما تماس بگیریم.,فرهنگ گستر اقاقیا,https://quera.org//magnet/jobs/79jkd,"['MongoDB', 'Docker', 'React', 'Node.js', 'Senior', 'تمام وقت']",تهران,۲۵ فروردین ۱۴۰۳،‏ ۱۲:۱۰
45,استخدام برنامه‌نویس ارشد .NET (اصفهان),تیم بک اند وظیفه پیاده سازی هسته اصلی کسب و کار محصولات همکاران سیستم را به عهده دارد.در این تیم، ما به طور روزمره و مداوم با حل مسائل متنوع و پیچیده مواجه هستیم.از پیاده سازی فرآیندهای مشتری گرفته تا بهبود مستمر و افزایش کارایی کدهای جاری.در این نقش باید:  توانایی حل مسئله و مواجهه با چالش های پیچیده را داشته باشید. توانایی و انگیزه تولید برنامه هایی با قابلیت توسعه پذیری و نگهداشت بالا داشته باشید. با قواعد چرخه بهبود مستمر کد (Refactoring) آشنا باشید. علاقه مند به آموختن و آموزش دادن باشید. ,همکاران سیستم,https://quera.org//magnet/jobs/kwgjx,"['OOP', 'Redis', 'C#', 'Senior', 'تمام وقت']",اصفهان,۲۱ فروردین ۱۴۰۳،‏ ۱۵:۴۹
46,استخدام برنامه‌نویس NET. (تهران),در این نقش باید:  به یادگیری علاقمند باشید و خود را با دانش روز همراه سازید. اهل کار تیمی بوده و برای پیشبرد پروژه، همراه و پشتیبان اعضای تیم باشید. با مسائل و چالش های پیش رو دست و پنجه نرم کنید و حل این چالش ها را جز کارهای روزمره خود بدانید. به کیفیت محصول و توسعه پذیر بودن آن متعهد باشید. ,همکاران سیستم,https://quera.org//magnet/jobs/86k79,"['Redis', 'C#', 'OOP', 'Junior', 'تمام وقت']",تهران,۲۱ فروردین ۱۴۰۳،‏ ۱۵:۴۸
47,استخدام برنامه‌نویس ارشد NET. (تهران),تیم بک اند وظیفه پیاده سازی هسته اصلی کسب و کار محصولات همکاران سیستم را به عهده دارد.در این تیم، ما به طور روزمره و مداوم با حل مسائل متنوع و پیچیده مواجه هستیم.از پیاده سازی فرآیندهای مشتری گرفته تا بهبود مستمر و افزایش کارایی کدهای جاری.در این نقش باید:  توانایی حل مسئله و مواجهه با چالش های پیچیده را داشته باشید. توانایی و انگیزه تولید برنامه هایی با قابلیت توسعه پذیری و نگهداشت بالا داشته باشید. با قواعد چرخه بهبود مستمر کد (Refactoring) آشنا باشید. علاقه مند به آموختن و آموزش دادن باشید.     ,همکاران سیستم,https://quera.org//magnet/jobs/9w966,"['Redis', 'C#', 'OOP', 'Senior', 'تمام وقت']",تهران,۲۱ فروردین ۱۴۰۳،‏ ۱۵:۴۷
48,استخدام Software Engineer,"Job DescriptionHermes Capital is seeking talented software engineers and developers to contribute to our innovative solutions in Iran's financial sector, focusing on algorithmic trading engines and Monitoring systems. The role encompasses working collaboratively with multiple teams, overseeing day-to-day development, participating in Architecture and Design processes, and maintaining real-time, mission-critical systems. The position offers the opportunity to expand your knowledge by working on novel applications and contributing significantly to our flagship projects, covering the entire development lifecycle from problem discovery to deployment and maintenance. You will also engage in developing shared components, exploring new technologies, establishing best practices, and mentoring fellow engineers. Qualifications  Background in CE/CS or related fields, either recently graduated or currently enrolled in related programs. Keen problem-solving skills, innovative mindset, and enthusiasm for technological challenges. Good programming skills, with a focus on efficient coding and the ability to make thoughtful decisions. Passionate about learning and staying updated with the latest in system Design, Architecture, and implementation. Understanding of data structures, algorithms, and complexity analysis. Familiarity with different programming paradigms and architectural patterns. Strong team-player mentality and eagerness to collaborate in a dynamic environment. Some experience or exposure to enterprise software Design, development, and Testing is a plus. Ability to manage priorities effectively and work independently when needed. Preferred: Interest or experience in functional programming (e.g., Clojure, Java), JVM technologies, and real-time scalable systems..  Note for Applicants: Don't worry if you don't tick every box. We value potential and willingness to learn as much as experience. If you're a budding programmer or engineer passionate about technology and eager to grow, we encourage you to apply. At Hermes Capital, we support your professional development and offer opportunities to work on exciting projects in the financial sector.",هرمس کپیتال,https://quera.org//magnet/jobs/r7qwq,"['Java', 'Docker', 'Apache Kafka', 'Clojurescript', 'Clojure', 'Junior', 'تمام وقت']",تهران,۲۱ فروردین ۱۴۰۳،‏ ۱۱:۴۶
49,استخدام توسعه‌دهنده Back-end,ایجاد یک فرایند آنلاین و جایگزینی آن بجای فرایند سنتی قبلی به سفارش کارفرما و مصرف کننده نهایی کارفرمای اصلی این پروژه شرکت مپنا میباشد. ما قصد داریم بدلیل حجم زیاد دیتا و همچنین جهت ایجاد هوش مصنوعی و آنالیز فرایندها و گزارشهای چند بعدی از تکنولوژی پایتون برای بک اند استفاده کنیم و تمامی سرویسها و پلتفرم های لازم برای هر چه بهتر اجرا شدن این پروژه لازم داریم,اندیشه پرداز پارس پویا,https://quera.org//magnet/jobs/x7d99,"['Django', 'Database', 'Docker', 'Redis', 'Python', 'Senior', 'تمام وقت']",unknown,۲۰ فروردین ۱۴۰۳،‏ ۱۹:۰۸
50,استخدام توسعه‌دهنده ارشد React.JS,"فناوری دراپ محیطی پویا، آینده نگر و نتیجه محور را ارائه می دهد که شما در آن فرصت کار در تیم های مختلف و امکان رشد و توسعه در مسیر شغلی خود را خواهید داشت. همچنین شما با کار در فناوری دراپ این فرصت را خواهید داشت تا با جدیدترین و نوآورانه ترین تکنولوژی ها، روی بهترین و نوآورانته ترین پروژه ها کار کنید. شرح فعالیت های این موقعیت شغلی:  نوشتن کدهای تمیز، مقیاس پذیر و با قابلیت استفاده مجدد (Clean, Scalable, reusable code) پیاده سازی سمت کاربر (Front-end) پروژه ها با استفاده از کتابخانه React.JS و Bootstrap Integrate کردن رابط کاربری با سرویس های سمت سرور ارائه قابلیت ها از ۰ تا ۱۰۰ به صورت تست شده (تست دستی یا خودکار) توسعه کدها و کتابخانه های مورد نیاز با قابلیت استفاده مجدد برای استفاده در آینده بهینه سازی برنامه ها برای حداکثر کارایی، سرعت و مقیاس پذیری اطمینان حاصل کردن از معتبر بودن تمامی ورودی های کاربر قبل از ارسال ",فناوری دراپ,https://quera.org//magnet/jobs/v7jkr,"['Redux', 'React Hooks', 'Bootstrap 4', 'JavaScript', 'React', 'Senior', 'تمام وقت', 'امکان دورکاری']",گرگان,۲۰ فروردین ۱۴۰۳،‏ ۱۸:۱۴
51,استخدام توسعه‌دهنده ارشد Node.js,"شرح فعالیت ها:  نوشتن کدهای تمیز، مقیاس پذیر و با قابلیت استفاده مجدد (Clean, Scalable, reusable code) طراحی، تولید و توسعه سرویس های سمت سرور نوشتن تست واحد (Unit Test) تحلیل و طراحی نرم افزار و پایگاه داده بر اساس نیازمندی ها ارائه قابلیت ها از ۰ تا ۱۰۰ به صورت تست شده (تست دستی یا خودکار) توسعه کدها و کتابخانه های مورد نیاز با قابلیت استفاده مجدد برای استفاده در آینده بهینه سازی برنامه ها برای حداکثر کارایی، سرعت و مقیاس پذیری تولید مستندات مورد نیاز ",فناوری دراپ,https://quera.org//magnet/jobs/6pm7p,"['JavaScript', 'PostgreSQL', 'MongoDB', 'Node.js', 'Nestjs', 'Senior', 'تمام وقت', 'امکان دورکاری']",گرگان,۲۰ فروردین ۱۴۰۳،‏ ۱۸:۱۳
52,استخدام Senior DevOps Engineer,فناوری دراپ محیطی پویا، آینده نگر و نتیجه محور را ارائه می دهد که شما در آن فرصت کار در تیم های مختلف و امکان رشد و توسعه در مسیر شغلی خود را خواهید داشت. همچنین شما با کار در فناوری دراپ این فرصت را خواهید داشت تا با جدیدترین و نوآورانه ترین تکنولوژی ها، روی بهترین و نوآورانته ترین پروژه ها کار کنید. شرح فعالیت ها:  مدیریت و مانیتورینگ سرورهای لینوکسی و سرویس های شرکت و مشتریان به روزرسانی سرویس ها و نرم افزارهای نصب شده روی سرورها کمک به اعضای تیم فنی جهت نصب و راه اندازی سرویس های مورد نیاز روی سرورها تحلیل، طراحی و پیاده سازی زیرساخت مورد نیاز مشتریان بر اساس نیازمندی آن ها کمک به مهاجرت مشتریان از زیرساخت های سنتی به زیرساخت ابری (پارتنر ابر آروان) کمک به Containerize کردن سرویس های توسعه داده شده مدیریت کلاسترهای Kubernetes طراحی و پیاده سازی Pipelineهای CI و CD ارائه خدمات پشتیبانی به مشتریان و شرکای فنی شرکت ,فناوری دراپ,https://quera.org//magnet/jobs/9w97q,"['Linux', 'Gitlab CI', 'DevOps', 'Docker', 'Kubernetes', 'Senior', 'تمام وقت', 'امکان دورکاری']",گرگان,۲۰ فروردین ۱۴۰۳،‏ ۱۷:۰۸
53,استخدام کارشناس تضمین کیفیت نرم‌افزار QA,فناوری دراپ محیطی پویا، آینده نگر و نتیجه محور را ارائه می دهد که شما در آن فرصت کار در تیم های مختلف و امکان رشد و توسعه در مسیر شغلی خود را خواهید داشت. همچنین شما با کار در فناوری دراپ این فرصت را خواهید داشت تا با جدیدترین و نوآورانه ترین تکنولوژی ها، روی بهترین و نوآورانته ترین پروژه ها کار کنید. شرح فعالیت ها:  کنترل کیفیت و تست محصولات مختلف نرم افزاری تست جعبه سیاه (Black box) تست جعبه سفید (White box) طراحی و اجرای Test Plan و Test Case طراحی و نوشتن تست های اتوماتیک انجام تست های دوره ای پس از هر نسخه بررسی  معیارهای کیفیت نرم افزار بازبینی نیازمندی ها و اسناد طراحی فنی مستندسازی و تهیه گزارش ,فناوری دراپ,https://quera.org//magnet/jobs/w7k8v,"['Testing', 'Postman', 'Selenium', 'Quality Assurance', 'Senior', 'تمام وقت', 'امکان دورکاری']",گرگان,۲۰ فروردین ۱۴۰۳،‏ ۱۷:۰۵
54,استخدام توسعه‌دهنده فول استک (Full-Stack),شرایط کاری برای استخدام نیرو:  سابقه کاری موردنیاز ۲ تا ۴ سال ساعت کاری تمام وقت: شنبه تا چهارشنبه ۹ الی ۱۷ و پنجشنبه ۹ الی ۱۴ همچنین امکان دورکاری وجود دارد سن موردنیاز: ۱۸ تا ۳۰ سال جنسیت: تفاوتی ندارد   ,NilaSoft,https://quera.org//magnet/jobs/79j7d,"['React', 'Gcp', 'Firebase', 'Express', 'Senior', 'تمام وقت', 'امکان دورکاری']",رشت,۲۰ فروردین ۱۴۰۳،‏ ۱۱:۴۲
55,استخدام Junior SQL Developer, آشنایی با پایگاه داده های رابطه ای و قابلیت های SQL Server در نسخه های مختلف توانایی در طراحی و پیاده سازی بانک اطلاعات Server SQL بر اساس نیازمندی های موجود در کسب و کار مسلط به T-SQL و کوئری نویسی های پیشرفته و قابلیت های جدید Server SQL در این خصوص پیاده سازی و توسعه Stored Procedure ها و Function ها و بهینه سازی کارایی آنها مهارت در تحلیل و بهینه سازی کوئری های پیچیده در SQL Server توانایی در ردگیری و تشخیص مشکلات معمول پایگاه داده ها مهارت در به کارگیری Query Execution plan و Query Optimization بهینه سازی و نرمال سازی تراکنش ها و جداول تسلط کامل به مفاهیم کاربردی Index ها و انواع آنها آشنایی کاربردی با مفاهیم ETL و پاکسازی و جابجایی داده ها در پایگاه های داده و سرورهای مختلف آشنایی با روش ها و نکات Backup & Restore در SQL Server  امریهبیمه تکمیلیهمکاری به صورت حضوری است.محل شرکت: ساختمان فناوری شریفروزهای کاری: یکشنبه تا پنجشنبه ۹ الی 18,نارون,https://quera.org//magnet/jobs/g9gqx,"['SQL Server', 'T-SQL', 'SQL', 'Junior', 'تمام وقت']",تهران,۲۰ فروردین ۱۴۰۳،‏ ۱۱:۴۱
56,استخدام Senior Software QA Engineer,ما در دیدار (پیشرو حوزه CRM در ایران) در حال جذب یک متخصص تست نرم افزار هستیم. در این موقعیت شغلی به عنوان یک مهندس تست نرم افزار، شما کیفیت نرم افزار را از طریق تست های دستی و اتوماتیک ارزیابی خواهید کرد و مسئول پیدا کردن و گزارش اشکالات و نواقص نرم افزار هستید. شرح وظایف و مسئولیت ها:  تهیه برنامه های تست و سناریوهای تست دقیق، جامع و با ساختار مناسب اولویت بندی و برنامه ریزی فعالیت های تست اجرای تمامی سطوح تست (سیستم، یکپارچه سازی و رگرسیون) شناسایی، گزارش و پیگیری مشکلات و نواقص نرم افزار بررسی و تحلیل PRDها و User Story ها برای صحت و سنجش پذیری  شرایط احراز:  حداقل ۲ الی ۳ سال سابقه کار به عنوان تستر نرم افزار یا نقش های مشابه دانش قوی از متدولوژی های تضمین کیفیت نرم افزار (QA)، ابزار و فرآیندها آشنایی با تست اتوماتیک و تست API آشنایی با پلتفرم های مختلف نرم افزار (iOS، اندروید و وب) و درک تفاوت های آنها مهارت تفکر انتقادی و حل مساله مهارتهای ارتباطی قوی جهت ارتباط با تیم های مختلف  مزایای شغلی:  کار در محیطی پویا و با ساختار فلت تعامل مستقیم با مدیر دپارتمان پاداش مبتنی بر عملکرد بیمه تکمیلی ,دیدار,https://quera.org//magnet/jobs/kwggx,"['Jira', 'Senior', 'تمام وقت']",تهران,۱۸ فروردین ۱۴۰۳،‏ ۲۱:۳۹
57,استخدام (Senior Back-end Developer (Django,ما در مایکت (به روزترین اپ استور اندرویدی) فعالانه به دنبال ارائه فضایی هستیم تا اعضای تیم هامون بتونن بهترین خودشون باشن. در این مسیر، به همراهی یک توسعه دهنده ی ارشد پایتون نیازمندیم که در تیم ویدئوی مایکت مستقر شده و زمام امور زیر رو به دست بگیره  چهار فاز: تحلیل، طراحی، توسعه، و نگه داشت سرویس های نرم افزار بر اساس Python و Django؛ استفاده از کدهای قبلی و refactor کردن آن ها در صورت نیاز؛ بررسی لاگ های عملکرد کدها در محیط اجرایی، به منظور شناخت و رفع عیوب؛ تعامل با سایر افراد تیم، با هدف حصول شناخت عمیق تر پیرامون نیازمندی های بیزینس.   ,مایکت,https://quera.org//magnet/jobs/6pmmp,"['Back-end', 'Python', 'Django', 'Senior', 'تمام وقت']",unknown,۱۸ فروردین ۱۴۰۳،‏ ۱۶:۰۱
58,استخدام کارآموز برنامه‌نویسی در رشت,ما در تیم درفک تصمیم به جذب همکاران خلاق و با انگیزه در زمینه برنامه نویسی گرفته ایم. اگر هنوز تازه کار بوده و می خواهید به تجربه خود بیفزایید و به یک برنامه نویس موفق تبدیل شوید و یا اینکه در این حوزه از تجربه کافی برخوردار بوده و تمایل به خلق و حل چالش های جدید دارید، می توانید به تیم ما ملحق شوید. آنچه که برای پیوستن به ما لازم است در خود داشته باشید میل به آموختن، خلاقیت، تلاش برای پیشرفت و سخت کوشی است. جنسیت: آقا، خانموضعیت سربازی: پایان خدمتساعات کاری: شنبه تا چهارشنبه ۸ الی ۱۷- پنجشنبه ۸ الی ۱۳:۳۰ ساکن رشت بازه سنی:20 تا 30 سال,ایده پردازان درفک,https://quera.org//magnet/jobs/x7dd9,"['JavaScript', 'HTML', 'CSS', 'Flask', 'Python', 'Intern', 'تمام وقت']",رشت,۱۸ فروردین ۱۴۰۳،‏ ۱۱:۴۹
59,استخدام معلم برنامه‌نویسی اسکرچ,مجموعه ی ابرکلاس به دنبال معلمینی منظم، متعهد و با انگیزه برای آموزش مجازی اسکرچ است. کسی که بتواند با دانش آموزان ارتباط بگیرد و با استفاده از جزوات آموزشی طراحی شده ، آموزش و یادگیری خوبی را در کلاس ها رقم بزند. شرایط کاری  زمان کاری و برگزاری کلاس ها منعطف و مطابق با زمان های اعلامی شما است. جزوات و طرح درس ها طراحی و آماده شده اند. شما با مطالعه و مرور آن ها، برای ارائه ی آن ها در کلاس آماده می شوید. کلاس های به صورت خصوصی و مجازی برگزار می شود و مدت زمان هر کلاس ۵۰ دقیقه است. فعالیت و همکاری شما به حالت دورکاری است. معلمان موظف هستند تا برای مجموعه و والدین گزارش آماده می کنند. حقوق برای هر جلسه ی کلاس تا 60 هزار تومان است.  پیش نیازها  علاقه مندی به ارائه ی درس برای کودکان و نوجوانان و ارتباط با آن ها توانایی مدیریت کلاس خصوصی ,آکادمی برنامه نویسی ابرکلاس,https://quera.org//magnet/jobs/mpgg7,"['Windows', 'Junior', 'پاره وقت', 'امکان دورکاری']",unknown,۱۸ فروردین ۱۴۰۳،‏ ۱۰:۲۳
60,استخدام توسعه‌دهنده Front-end,ما برای تکمیل تیم فنی خود، به دنبال یک توسعه دهنده Front-end با انگیزه و خلاق هستیم تا در کنار یک تیم Back-end، به ما در خلق تجارب کاربری منحصر به فرد و جذاب ملحق شود. اگر به چالش های جدید علاقه دارید، دارای روحیه کار تیمی و به دنبال فرصتی برای یادگیری و رشد شغلی هستید، شما را دعوت می کنیم تا به ما بپیوندید.,Duo Blocks,https://quera.org//magnet/jobs/r7qqq,"['HTML', 'CSS', 'JavaScript', 'React', 'Junior', 'تمام وقت', 'امکان دورکاری']",تهران,۱۸ فروردین ۱۴۰۳،‏ ۱۰:۲۲
61,استخدام برنامه‌نویس سرور (Laravel/Nodejs),از یک نفر برنامه نویس لاراول / PHP با تجربه جهت پشتیبانی و توسعه پروژه های جاری شرکت دعوت به همکاری می کنیم. شما به صورت ساعت های شناور و نیمه حضوری در کنار یک تیم برنامه نویس حرفه ای تیم مشغول به کار خواهید شد. در روش اجرایی تیم ما، مسئولیت پروژه و کار بین تیم تقسیم خواهد شد، چیزی به عنوان مقصر و ... وجود ندارد! همه به هم برای پیشبرد پروژه کمک می کنیم و گاهی جای خالی یکدیگر را پر می کنیم تا تیم همیشه سر حال بماند. همینطور، برای جلوگیری از خستگی و تکراری نشدن تسک ها، افراد تیم را بین پروژه های مختلف در گردش نگه میداریم تا همیشه در حال تجربه مسائل و مباحث جدید بمانیم. امکان همکاری به صورت هیبرید و ساعات شناور نیز می باشد. محل دفتر پروژه جاری: خیابان مطهریاگر تسلط به Laravel و در کنار آن آشنایی به Node.js دارید، خوشحال می شویم در آینده نزدیک شما را در کنار تیم خود ملاقات کنیم.,هوشمند سازان هستی,https://quera.org//magnet/jobs/qpwwx,"['Node.js', 'PHP', 'Laravel', 'Junior', 'تمام وقت', 'حقوق ۱۵,۰۰۰,۰۰۰ تا ۲۰,۰۰۰,۰۰۰', 'امکان دورکاری']",تهران,۱۵ فروردین ۱۴۰۳،‏ ۱۸:۰۶
62,استخدام کارآموز #C و JS,یک فرصت برای کار آموزی برای افراد با تجربه در زمینه برنامه نویسی C# پیش آمده است! اگر میخواهید تجربه درک مفاهیم نرم افزاری را بر بستر زبان برنامه نویسی C# خود را تقویت کنید، در این همکاری حین کار روی پروژه های واقعی و فعال، در کنار یکی از برنامه نویسان حرفه ای تیم ما تجربه بسیار خوبی کسب خواهید کرد. چراکه در صورت پشتکار و همراهی شما، امکان استخدام در هر یک از شرکت های مالک نرم افزار های تولید شده و یا دیگر شرکت های نرم افزاری وجود خواهد داشت. بعد از ۲ ماه، به راحتی با تجربه و رزومه ی جمع شده خود میتوانید در خیلی از موقعیت های شغلی برنامه نویسی دیگر مشغول به کار حرفه ای شوید و ما شما را در این مراحل نیز همراهی خواهیم کرد. در حین این مدت، باید صبور و تلاشگر باشید، همچنین از کار روی سورس کد هایی با زبان های برنامه نویسی دیگر نیز ترسی نداشته باشید، مطمئن باشید با مسیری که برای شما چیده خواهد شد، با درک عمیق از مفاهیم نرم افزاری میتوانید به راحتی مشکلات نرم افزاری را درک و حل کنید و میتوانید بعد از آن با تیم ها و نفرات برنامه نویس دیگر زبان های برنامه نویسی نیز به خوبی ارتباط برقرار کنید. همچنین آموزش خواهید دید تا نیاز های کارفرمایان غیر فنی را چطور به یک نرم افزار تبدیل و رضایت آنها را به سادگی جلب کنید! ** لازم به ذکر است، جهت امکان همکاری، نیاز دارید تا تسلط نسبی به c# و .NET Core، و نیز آشنایی با JS داشته باشید. محدوده ی دفتر: میدان فردوسی,هوشمند سازان هستی,https://quera.org//magnet/jobs/v7jjr,"['CSS', 'HTML5', 'JavaScript', 'C#', 'Intern', 'تمام وقت']",تهران,۱۵ فروردین ۱۴۰۳،‏ ۱۸:۰۴
63,استخدام برنامه‌نویس Flutter,اینبار میخواهیم یک تیم فنی تازه نفس برای یک استارت آپ بلوغ یافته بچینیم. از یک نفر برنامه نویس فلاتر با تجربه، دعوت می کنیم تا با پیوستن به تیم ما، ما را در پشتیبانی و توسعه پروژه فلاتر وب جاری شرکت همراهی کند. نحوه همکاری به صورت ساعات کاری شناور و سطح تعامل برای همکاری با فرد توانمند و با انگیزه بسیار بالا خواهد بود. پس اگر آماده ورود به یک تیم نرم افزاری جوان و با انگیزه هستید خوشحال میشویم رزومه شما را دریافت کنیم. محل دفتر پروژه : خیابان مطهری,هوشمند سازان هستی,https://quera.org//magnet/jobs/w7kkv,"['Flutter Web', 'Flutter GetX', 'Flutter', 'Dart', 'Junior', 'پاره وقت', 'حقوق ۱۵,۰۰۰,۰۰۰ تا ۲۰,۰۰۰,۰۰۰']",تهران,۱۵ فروردین ۱۴۰۳،‏ ۱۸:۰۲
64,استخدام کارآموز Node.js,ما در تیممون ، به دنبال کارآموز پر انرژی و فعالی هستیم که عاشق سرور و بک ساید (BackEnd) است؛ از دیدن صفحه سیاه سرورهای لینوکسی خسته نمی شه و با حل مسائل انتزاعیدر معماری پایگاه داده مشکلی نداره. با استفاده از تکنولوژی های JavaScript علاقه ی بسیاری به یادگیری هرچه بیشتر NodeJS داره و با صبر و حوصله مداوم، مستندات زبان اصلی پروژه ها را مطالعه می کنه.دید ما به این همکاری بلند مدت بوده و دوران کارآموزی به علت همکاری در پروژه های واقعی نیازمند جدیت و کارتیمی قوی می باشد.   شرایط عمومی  امکان همکاری به صورت تمام وقت (حداقل 40 ساعت در هفته) علاقه مند به یادگیری و به روز رسانی دانش فردی خلاق ، پویا و با انگیزه و سرعت عملکرد بالا بسیار منظم و بسیار مسئولیت پذیر توانایی انجام کار گروهی   ,نادین سافت,https://quera.org//magnet/jobs/79jjd,"['JavaScript', 'MySQL', 'Express', 'Nestjs', 'Node.js', 'Intern', 'تمام وقت']",unknown,۱۵ فروردین ۱۴۰۳،‏ ۰:۲۳
65,استخدام توسعه‌دهنده بک‌اند (Laravel),برنامه نویس بک اند ، حضوری و تمام وقت در غرب شهر تهران ما در حال جستجو برای یک برنامه نویس بک اند با تجربه هستیم که بتواند به توسعه وب سایت ها و اپلیکیشن ها کمک کند. ما شرکتی هستیم که با استارتاپ ها همکاری می کنیم و در حال تولید محصولات متنوع خود می باشیم. اگر شما توانایی کدنویسی با تکنولوژی های مدرن را دارید و علاقه دارید با تیم ما به چالش های جدید پی ببرید، منتظر شنیدن از شما هستیم.,رادین تک,https://quera.org//magnet/jobs/g9ggx,"['WebSocket', 'Redis', 'Postman', 'MySQL', 'Laravel', 'Junior', 'تمام وقت', 'حقوق ۱۷,۰۰۰,۰۰۰ تا ۲۰,۰۰۰,۰۰۰']",تهران,۱۵ فروردین ۱۴۰۳،‏ ۰:۲۲
66,استخدام توسعه‌دهنده Front-end,شرکت امیدفضا بعنوان یک شرکت دانش بنیان، در حوزه طراحی و ساخت ماهواره فعالیت دارد. پروسه طراحی و ساخت به طور کامل در این شرکت انجام می شود. ماهواره مورد نظر پس از پرتاب برای ارائه خدمات خود نیازمند پلتفرم های نرم افزاری برای ارائه ارزش خود به عموم مردم و کسب و کار های می باشند. تیم نرم افزاری امیدفضا متشکل از تخصص های مختلف در حال توسعه این پلتفرم ها می باشند. برای بخش Front نیازمند فردی با مشخصات اشاره شده هستیم,گروه نوآور امیدفضا,https://quera.org//magnet/jobs/kwgpx,"['JavaScript', 'CSS', 'HTML5', 'React', 'Next.js', 'Senior', 'تمام وقت']",تهران,۱۰ فروردین ۱۴۰۳،‏ ۲۲:۰۵
67,استخدام Full Stack Developer .NET Core,ما در حال حاضر به دنبال یک Full Stack Developer .NET Core با تجربه کاری مفید در توسعه ی نرم افزارهای تحت وب هستیم. در این فرصت شغلی، شما همراه با تیم توسعه همکاری می کنید تا پروژه های ایده پرداز را توسعه دهید.,ایده پرداز تجارت الکترونیک,https://quera.org//magnet/jobs/w7qr9,"['C#', 'SQL Server', 'Entity Framework', '.NET Core', 'ASP.NET Web API', 'Junior', 'تمام وقت']",تهران,۲۰ اسفند ۱۴۰۲،‏ ۱۱:۱۴
68,استخدام برنامه‌نویس Back-end,*************************** لطفا در صورتیکه در اصفهان سکونت دارید، رزومه ارسال نمایید. ******************************** ما به نیرویی با انگیزه و باتجربه در زمینه برنامه نویسی go با حداقل ۳ سال سابقه کار و شرایط زیر نیاز داریم. نیروهای ما در محیطی فعال با تکنولوژی های نوین مدیریت پروژه و انواع روش های جدید توسعه کار می کنند. لذا، افرادی که به این مباحث آشنا باشند و یا مشتاق به یادگیری باشند، در اولویت انتخاب خواهند بود.,مهندسی ارتباطی پیام پرداز,https://quera.org//magnet/jobs/jqgd8,"['Linux', 'Git', 'Microservices', 'REST', 'Go', 'Senior', 'تمام وقت']",اصفهان,۷ فروردین ۱۴۰۳،‏ ۱۴:۴۹
69,استخدام برنامه‌نویس پایتون (Django),*************************** لطفا در صورتیکه در اصفهان سکونت دارید، رزومه ارسال نمایید. ********************************* شرح وظایف و مسئولیت ها : ما به نیرویی با انگیزه و باتجربه در زمینه پایتون و Django نیاز داریم. دانستن rest-framework، معماری های سه لایه و micro-service برای ما ارزشمند است. نیروهای ما در محیطی فعال با تکنولوژی های نوین مدیریت پروژه و انواع روش های جدید توسعه همانند CD/CI، unit test، Git و .... کار می کنند. کار ما توسعه ابزارهای مدیریت شبکه به ویژه مسائل مربوط به امنیت شبکه است. لذا، افرادی که به این مباحث آشنا باشند و یا مشتاق به یادگیری باشند ، در اولویت انتخاب خواهند بود.  ,مهندسی ارتباطی پیام پرداز,https://quera.org//magnet/jobs/mpg67,"['Django', 'Networking', 'Python', 'Linux', 'Senior', 'تمام وقت']",اصفهان,۷ فروردین ۱۴۰۳،‏ ۱۴:۴۸
70,استخدام برنامه‌نویس PHP (تبریز),آیا برنامه نویسی هستی که میتونی صفر تا صد یک پروژه وردپرسی را جلو ببری! ما بسیار هیجان زده هستیم که یک برنامه نویس وردپرس را دعوت کنیم تا به عضوی حیاتی در تیم ما تبدیل بشه. ما نیاز به آدم های خود جوش داریم افرادی که بتوانند موقعیت های مختلف را مدیریت کرده و تیم ستاره های ما را تکمیل کنند. اگر آنقدر قوی هستی که از پس چنین موقعیت حساس بربیای، به استاندارد های بالای ما برسی و هم پای شرکت ما رشد کنی، روزمه ات رو برای ما ارسال کن، چرا که همیشه اعضای تیم ما بر اساس عملکردشان ارتقاء می یابند، نه براساس سمت و نه بر اساس جایگاه.,راست چین,https://quera.org//magnet/jobs/6pmvp,"['Laravel', 'WordPress', 'PHP', 'Senior', 'تمام وقت']",تبریز,۵ فروردین ۱۴۰۳،‏ ۱۵:۲۶
71,استخدام WordPress (شهرکرد),آیا برنامه نویسی هستی که میتونی صفر تا صد یک پروژه وردپرسی را جلو ببری! ما بسیار هیجان زده هستیم که یک برنامه نویس وردپرس و PHP را دعوت کنیم تا به عضوی حیاتی در تیم ما تبدیل بشه. ما نیاز به آدم های خود جوش داریم افرادی که بتوانند موقعیت های مختلف را مدیریت کرده و تیم ستاره های ما را تکمیل کنند. اگر آنقدر قوی هستی که از پس چنین موقعیت حساس بربیای، به استاندارد های بالای ما برسی و هم پای شرکت ما رشد کنی، روزمه ات رو برای ما ارسال کن، چرا که همیشه اعضای تیم ما بر اساس عملکردشان ارتقاء می یابند، نه براساس سمت و نه بر اساس جایگاه.  ,راست چین,https://quera.org//magnet/jobs/v7jvr,"['HTML', 'CSS', 'MySQL', 'PHP', 'WordPress', 'Senior', 'تمام وقت', 'امکان دورکاری']",شهرکرد,۵ فروردین ۱۴۰۳،‏ ۱۵:۲۶
72,استخدام توسعه‌دهنده Front-end در کرمان,آسمان کارمانیا یک شرکت فعال دانش بنیان در حوزه فن آوری اطلاعات است. ما در آسمان کارمانیا به دنبال جذب یک همکار متعهد و خلاق جهت توسعه سامانه های خود در بستر وب هستیم. علاقه مندی به یادگیری، داشتن مهارت حل مسئله و دارا بودن روحیه کار تیمی پیش نیاز همکاری است.,فناوری الکترونیک آسمان کارمانیا,https://quera.org//magnet/jobs/86krq,"['JavaScript', 'Responsive', 'Vue.js', 'Senior', 'تمام وقت']",کرمان,۵ فروردین ۱۴۰۳،‏ ۱۵:۲۶
73,استخدام توسعه‌دهنده Back-end,ما در شرکت سبحان تلاش می کنیم به کمک توسعه دهندگان ماهر و باانگیزه و با به کارگیری شیوه های کارآمد همکاری تیمی، توان فنی مورد نیاز را برای انجام مطلوب و باکیفیت پروژه های نرم افزاری تأمین کنیم.بدین منظور، تمایل به همکاری با نیروهای توانمند، خلاق، علاقه مند به کار تیمی و متعهد داریم.  ,سبحان,https://quera.org//magnet/jobs/qpwmg,"['Spring', 'Java', 'Senior', 'تمام وقت']",اصفهان,۲۷ اسفند ۱۴۰۲،‏ ۱۹:۵۲
74,استخدام (Java) Back-end Developer,اگر فردی مسئولیت پذیر و پرانرژی هستید، توانایی تعامل دوستانه با سایر برنامه نویسان تیم رو دارید، مشتاق یادگیری و رشد و پیشرفت هستید و مهارت های زیر رو دارید می تونید در کنار ما باشید:,عصر دانش افزار,https://quera.org//magnet/jobs/9w9m7,"['Git', 'REST', 'Maven', 'Microservices', 'SOAP', 'Senior', 'تمام وقت']",تهران,۲۶ اسفند ۱۴۰۲،‏ ۱۵:۴۱
75,استخدام کارآموز جاوا,شرکت خدمات انفورماتیک به منظور تأمین بخشی از نیروی انسانی مورد نیاز خود در حوزه جاوا، از طریق برگزاری دوره آموزشی، اقدام به جذب کارآموز می نماید. این دوره به صورت رایگان و طی مدت زمان ۳ الی ۴ ماه در محل شرکت برگزار خواهد شد و در طول دوره مبلغی به عنوان کمک هزینه آموزشی به فراگیران تعلق خواهد گرفت.شایان ذکر است در صورت گذراندن دوره های آموزشی تخصصی، کسب موفقیت در آزمون نهایی و محرز شدن برخورداری از روحیه مثبت همکاری، امکان استخدام در شرکت میسر می باشد.شرایط احراز:  رشته تحصیلی: کامپیوتر، فناوری اطلاعات، برق و ریاضی کاربردی حداقل مقطع تحصیلی: کارشناسی جنسیت: تفاوتی ندارد سن:22- 30 سال  مزایای کارآموزی :  ارائه آموزش های رایگان در حوزه تخصصی مورد نظر جهت ورود به بازار کار اعطای کمک هزینه آموزشی به کارآموزان در طول دوره امکان استخدام در شرکت خدمات انفورماتیک و شرکت های تابعه؛ مشروط به احراز شرایط موردنظر سازمان ارائه گواهی نامه معتبر حضور در دوره؛ مشروط به احراز شرایط موردنظر سازمان     ,شرکت خدمات انفورماتیک,https://quera.org//magnet/jobs/g9gk9,"['Algorithm', 'Intern', 'تمام وقت']",تهران,۲۳ اسفند ۱۴۰۲،‏ ۱۹:۱۸
76,استخدام توسعه‌دهنده فرانت‌اند,توانایی فردی مورد نیاز :  منظم و وقت شناس فروتن و بی حاشیه متوجه کار تیمی  توانایی فنی مورد نیاز :  مسلط به مستند سازی Documentation مسلط به زبان برنامه نویسی JavaScript و فریم ورک React مسلط به فریم ورک React Native تجربه کافی برای استفاده از Map Client ها مسلط به فریم ورک الکترون (Electron) ترجیحا آشنا به مفاهیم GIS توانایی استفاده از React component set های مثل Material UI توانایی استفاده از سورس کنترل Git آشنا با سیستم عامل لینوکس Linux ,farapardazesh,https://quera.org//magnet/jobs/jqgkj,"['Linux', 'React Native', 'Material UI', 'React', 'Junior', 'تمام وقت']",تهران,۲۳ اسفند ۱۴۰۲،‏ ۱۹:۱۸
77,استخدام Front-end Developer,شرکت تراشه هوشمند در زمینه ارایه راهکارهای مبتنی بر اینترنت اشیا فعالیت میکند و در راستای تولید و عرضه محصولات متنوعی که دارد نیاز به همکاری در زمینه تولید نرم افزارها و UI های مختلف و زیبا برای فروش بهتر محصولات دارد.,تراشه هوشمند ماهان,https://quera.org//magnet/jobs/x7dmw,"['PHP', 'Android', 'Flutter Web', 'Flutter', 'Junior', 'تمام وقت']",کرمان,۲۱ اسفند ۱۴۰۲،‏ ۱۷:۳۱
78,استخدام برنامه‌نویس فرانت‌اند,ما شرکت دانش بنیانی هستیم و در حوزه هوشمندسازی و تحلیل شبکه های گاز کشور کار می کنیم. همه سرمایه ما نیروی انسانی خبره ماست که در محیطی کاملا دوستانه، پویا و به صورت کار تیمی فعالیت می کنند. پروژه های ما کاملا نرم افزاری و دارای چالش های متعدد و وجوه مختلف دانش تحلیل شبکه، مهندسی نرم افزار و علوم داده است. ما پروژه های نرم افزاری رو به صورت تیمی و چابک (عمدتا scrum) جلو می بریم، این به همه اعضا تیم کمک می کنه که اولا محصول بهتر تولید کنند و ثانیا در کنار همدیگر مهارت هاشون رو در بازه زمانی خیلی کوتاه تری، بالا ببرند. محل کار ما در تهران محدوده استاد معین هست و برای دانشجو ها یا علاقه مندان فرصت دورکاری به صورت پاره وقت هم فراهم میشه. البته ترجیح ما همکاری تمام وقته، ولی به صورت پاره وقت هم میتونید با ما همکاری کنید. ساعت کاری ما (ورود و خروج به شرکت) فوق العاده منعطف هست. تیم توسعه نرم افزار ما متشکل از برنامه نویس های بک اند، فرانت اند، تست و DevOps هست. اگه دوست دارید با ما در فرصت شغلی برنامه نویس فرانت اند همکاری کنید به مهارت ها و تجربه های کاری شما در زمینه های زیر نیاز داریم:,پردازشگران پترو هوشمند,https://quera.org//magnet/jobs/qpwpg,"['React', 'TypeScript', 'Tailwind CSS', 'JavaScript', 'Angular', 'Senior', 'تمام وقت', 'امکان دورکاری']",تهران,۲۰ اسفند ۱۴۰۲،‏ ۱۵:۵۴
79,استخدام برنامه‌نویس بک اند .NET,ما شرکت دانش بنیانی هستیم و در حوزه هوشمندسازی و تحلیل شبکه های گاز کشور کار می کنیم. همه سرمایه ما نیروی انسانی خبره ماست که در محیطی کاملا دوستانه، پویا و به صورت کار تیمی فعالیت می کنند. پروژه های ما کاملا نرم افزاری و دارای چالش های متعدد و وجوه مختلف دانش تحلیل شبکه، مهندسی نرم افزار و علوم داده است. ما پروژه های نرم افزاری رو به صورت تیمی و چابک (عمدتا scrum) جلو می بریم، این به همه اعضا تیم کمک می کنه که اولا محصول بهتر تولید کنند و ثانیا در کنار همدیگر مهارت هاشون رو در بازه زمانی خیلی کوتاه تری، بالا ببرند. محل کار ما در تهران محدوده استاد معین هست و برای دانشجو ها یا علاقه مندان فرصت دورکاری به صورت پاره وقت هم فراهم میشه. البته ترجیح ما همکاری تمام وقته، ولی به صورت پاره وقت هم میتونید با ما همکاری کنید. ساعت کاری ما (ورود و خروج به شرکت) فوق العاده منعطف هست. تیم توسعه نرم افزار ما متشکل از برنامه نویس های بک اند، فرانت اند، تست و DevOps هست. اگه دوست دارید با ما در فرصت شغلی بک اند همکاری کنید به مهارت ها و تجربه های کاری شما در زمینه های زیر نیاز داریم:,پردازشگران پترو هوشمند,https://quera.org//magnet/jobs/v7j78,"['C#', 'ASP.NET', 'Docker', 'Database', 'ASP.NET Core', 'Senior', 'تمام وقت', 'امکان دورکاری']",تهران,۲۰ اسفند ۱۴۰۲،‏ ۱۵:۵۴
80,استخدام Senior Front-end Developer(React),حداقل ۵ سال تجربه در پروژه های مقیاس بزرگ (حجم کد، داده و کاربر زیاد)  تجربه مدیریت و راهبری تیم تسلط به ReactJS تسلط به ES6-ES7 - JavaScript آشنایی کامل با HTML5 و CSS3 و SAAS آشنایی با Webpack آشنایی با PWA و Service-Worker آشنایی با Redux و Axios تجربه کار با Canvas و WebGL ,lifewebco,https://quera.org//magnet/jobs/6pmpj,"['CSS3', 'JavaScript', 'React', 'Senior', 'تمام وقت']",تهران,۲۰ اسفند ۱۴۰۲،‏ ۱۱:۱۳
81,استخدام توسعه‌دهنده Front-end,باکسیت، به عنوان اپراتور پست خصوصی و تسهیل گر توسعه اقتصاد دیجیتال، در تلاش است تا با ارائه خدمات هوشمند پستی، تحولی در صنعت لجستیک توزیع بسته های خرد کشور ایجاد کند. برای دستیابی به این هدف، ما به دنبال استخدام یک توسعه دهنده فرانت-اند با تجربه هستیم تا در تیم فنی ما مشارکت کند و به توسعه داشبوردها و رابط های کاربری پروژه های وب ما کمک کند. در حال حاضر، چهار پروژه داشبورد شامل پنل رانندگان، پنل اپراتورها، پنل مشتریان و پنل مدیریت در دست توسعه است. دو پروژه با استفاده از React و دو پروژه دیگر با Next.js پیاده سازی می شوند. یکی از چالش های اصلی این پروژه ها، کار با نقشه ها و مناطق جغرافیایی است که برای یک توسعه دهنده فرانت-اند جذاب خواهد بود.نقش شما به عنوان یک توسعه دهنده فرانت-اند، پیاده سازی رابط های کاربری پروژه ها بااستفاده از کتابخانه های React.js و Next.js، همراه با فریم ورک های جانبی مانند Redux، Webpack و Babel خواهد بود. همچنین، آشنایی با TypeScript، Responsive Design، WebSocket، Figma و PWA  از مهارت های ضروری برای این نقش محسوب می شود. علاقه مند به یادگیری تکنولوژی های جدید  دارای نمونه کار مرتبط آشنا با متدولوژی های Agile و Scrum مسلط به Unit Testing، Integration Testing و End-to-End Testing منظم و مسئولیت پذیر خلاق و ایده پرداز علاقه مند به یادگیری و کار گروهی  در ازای این، ما پکیج حقوق رقابتی، بیمه تامین اجتماعی و بیمه تکمیلی را ارائه می کنیم وفرصتی برای کار در یک محیط پویا و چالش برانگیز را فراهم می آوریم.اگر احساس می کنید که این شرح شغلی با تجربیات و علایق شما همخوانی دارد، لطفا رزومه خود را برای ما ارسال کنید. ما مشتاقانه منتظر شنیدن از شما هستیم.,باکسیت,https://quera.org//magnet/jobs/79j9q,"['React', 'Git', 'Front-end', 'JavaScript', 'Senior', 'تمام وقت']",تهران,۲۰ اسفند ۱۴۰۲،‏ ۱۰:۲۸
82,استخدام منتور بوت‌کمپ Cyber Security,ما در کوئرا به دنبال یک منتور و توسعه دهنده خلاق، با تجربه و علاقه مند به آموزش در زمینه Cyber Security هستیم که هم تسلط بالایی بر حوزه امنیت داشته باشه و هم با مهارت هاش در زمینه آموزش برنامه نویسی ما رو در ساختن جامعه ای برای برنامه نویسان همراهی کنه. بهار امسال دوره جدید بوت کمپ های کوئرا در زمینه آموزش Cyber Security برگزار می شه و شما در این بوت کمپ ها وظیفه حضور در جلسات دیلی، آموزش مباحث به شرکت کنندگان، پاسخگویی به سوال هاشون و همراهی شون در زمان انجام پروژه های بوت کمپ رو دارید. در کنار این تسک ها لازمه تا در آماده سازی و طراحی تمرین ها و پروژه های بوت کمپ هم کمک و هراهی بدید. این موقعیت شغلی به صورت پارت تایمه و شما حتی با زمان  گذاری به اندازه ۵۰ ساعت در ماه هم می تونید واردش بشید! اگه آموزش برنامه نویسی براتون جذابه و دوست دارید به دیگران کمک کنید تا بهتر برنامه نویسی رو یاد بگیرن، مشتاقیم که با هم بیشتر آشنا بشیم :)),Quera,https://quera.org//magnet/jobs/g9g99,"['Back-end', 'Security', 'Network', 'Junior', 'پاره وقت', 'امکان دورکاری']",unknown,۱۹ اسفند ۱۴۰۲،‏ ۱۶:۱۰
83,استخدام کارشناس برنامه‌نویسی Odoo,فرصت شغلی : در تیم نرم افزار سوپرپایپ امکان آن فراهم شده تا در پروژه های بزرگ سازمانی و توسعه ماژول های Odoo همکاری کنید. ما به یک برنامه نویس اودوو با تجربه برای پیوستن به تیم برنامه نویسی خود نیاز داریم. مسئولیت های او شامل طراحی، کدنویسی و بهبود برنامه ها و اپلیکیشن ها می شود. به عنوان یک برنامه نویس، باید بتوانید با کدنویسی درست، به شرکت اطمینان دهید که نیازهایش در زمینه ایجاد برنامه ها و وب سایت ها مورد نیاز برطرف می شود. وظایف و مسئولیت ها در پروژه :  نوشتن اپلیکیشن های کاربردی و آزمون پذیر همکاری با تیم های داخلی برای شناسایی نیازمندی های سیستم طراحی رابط کاربری به روزرسانی و ارتقای برنامه های فعلی انجام آزمایشات دوره ای و رفع اشکال، به منظور به حداکثررساندن کارایی برنامه ایجاد اسناد فنی برای پشتیبانی کاربر پیروی از اصول امنیتی به روزبودن با پیشرفت های صنعت  تکنولوژی ها  Odoo Python PostgreSQL  متودولوژی :  اسکرام,سوپرپایپ اینترناشنال,https://quera.org//magnet/jobs/79j6q,"['JavaScript', 'Python', 'Qweb', 'Odoo', 'Erp', 'Junior', 'تمام وقت']",تهران,۱۹ اسفند ۱۴۰۲،‏ ۱۵:۰۸
84,استخدام منتور بوت‌کمپ Linux,ما در کوئرا به دنبال یک منتور و توسعه دهنده خلاق، با تجربه و علاقه مند به آموزش در زمینه Linux هستیم که هم تسلط بالایی در کار با Linux داشته باشه و هم با مهارت هاش در زمینه آموزش برنامه نویسی ما رو در ساختن جامعه ای برای برنامه نویسان همراهی کنه. بهار امسال دوره جدید بوت کمپ های کوئرا در زمینه آموزش Linux برگزار می شه و شما در این بوت کمپ ها وظیفه حضور در جلسات دیلی، آموزش مباحث به شرکت کنندگان، پاسخگویی به سوال هاشون رو دارید. در کنار این تسک ها لازمه تا در آماده سازی و طراحی تمرین ها و پروژه های بوت کمپ هم کمک و هراهی بدید. این موقعیت شغلی به صورت پارت تایمه و شما حتی با زمان  گذاری به اندازه ۵۰ ساعت در ماه هم می تونید واردش بشید! اگه آموزش برنامه نویسی براتون جذابه و دوست دارید به دیگران کمک کنید تا بهتر برنامه نویسی رو یاد بگیرن، مشتاقیم که با هم بیشتر آشنا بشیم :)),Quera,https://quera.org//magnet/jobs/pp6px,"['Linux', 'Junior', 'پاره وقت', 'امکان دورکاری']",unknown,۱۹ اسفند ۱۴۰۲،‏ ۱۵:۰۵
85,استخدام توسعه‌دهنده Front-end (اصفهان),ما در شرکت سبحان تلاش می کنیم به کمک توسعه دهندگان ماهر و باانگیزه و با به کارگیری شیوه های کارآمد همکاری تیمی، توان فنی مورد نیاز را برای انجام مطلوب و باکیفیت پروژه های نرم افزاری تأمین کنیم.بدین منظور، تمایل به همکاری با نیروهای توان مند، خلاق، علاقه مند به کار تیمی و متعهد داریم.,سبحان,https://quera.org//magnet/jobs/mpgpd,"['React', 'Senior', 'تمام وقت']",اصفهان,۱۹ اسفند ۱۴۰۲،‏ ۹:۳۵
86,استخدام برنامه‌نویس Back-end (Senior Level),"ما در مجموعه مهندسی نرم افزار رایورز جهت تکمیل تیم خود نیازمند همکاری خلاق، بادقت و پر انرژی جهت "" برنامه نویس بک اند (Senior Level)""، به صورت تمام وقت با مشخصات و مهارت های ذیل هستیم. مسئولیت ها  تولید کدهای تست پذیر، قابل نگهداشت و قابل استفاده مجدد همکاری و تعامل اثربخش با اعضای تیم، مالک محصول و مدیر فنی ارائه راه حل های ساده، کارا و خلاقانه برای مسائل پیچیده دیباگ و رفع خطا ",رایورز,https://quera.org//magnet/jobs/r7qjr,"['C#', 'SQL Server', 'OOP', 'OWIN', 'ASP.NET Core', 'Senior', 'تمام وقت']",تهران,۱۶ اسفند ۱۴۰۲،‏ ۱۲:۵۳
87,استخدام برنامه‌نویس (Angular) Front-end,"ما در مجموعه مهندسی نرم افزار رایورز جهت تکمیل تیم پروژه های نوین خود نیازمند همکاری خلاق، بادقت و پر انرژی جهت "" برنامه نویس Front-end "" مسلط به Angular، به صورت تمام وقت با مشخصات و مهارت های ذیل هستیم.",رایورز,https://quera.org//magnet/jobs/qpwjg,"['Angular', 'Junior', 'تمام وقت']",تهران,۱۶ اسفند ۱۴۰۲،‏ ۱۲:۴۹
88,استخدام برنامه‌نویس ASP.NET Core,شرکت مهندسی فناوری های نوین پایوند، شرکت تخصصی گروه همکاران سیستم و بازوی فن آوری این شرکت، به منظور تکمیل تیم توسعه سیستم اینترنت اشیاء صنعتی (IIoT) خود نیاز به برنامه نویس دارد. در این تیم نیاز است که بعنوان یک برنامه نویس، مفاهیم کلی سیستم و فضای مسئله را درک کرده تا متناسب با آن بتوانید پیاده سازی درستی از نیازمندی ها داشته باشید. در این راستا علاوه و بر تسلط کافی در حوزه .NET و مباحث وب، لازم است با مفاهیم IoT، چگونگی ارتباط با سخت افزار های مختلف و کار با SDK های آن ها آشنایی لازم را داشته باشید.,مهندسی فناوری‌های نوین پایوند همکاران سیستم,https://quera.org//magnet/jobs/jqg6j,"['SQL Server', 'ASP.NET Core', 'IoT', 'Senior', 'تمام وقت']",تهران,۱۵ اسفند ۱۴۰۲،‏ ۱۸:۵۷
89,استخدام مالک محصول (Product Owner),در حال حاضر شرکت TexReady در زمینه ارایه خدمات متنی هوشمند فعالیت می کند. تمرکز اصلی پروژه بر روی ارایه سرویس های مبتنی بر فرمت نوشتاری LaTeX می باشد. براین اساس کاربر بدون نیاز به نصب و راه اندازی نرم افزار LaTeX و سرویس های مربوطه، می تواند به صورت برخط و با بهره مندی از سایر مکانات ارایه شده، از این فرمت نوشتاری استفاده نماید. در حال حاضر این سامانه در حال ارایه سرویس لاتک آنلاین به دانشجویان برخی دانشگاه های کشور می باشد و مطابق با اهداف مجموعه این سامانه قرار هست بر روی تمامی دانشگاه های کشور خدمات موردنیاز را ارایه دهد. از ویژگی های این فرصت شغلی آشنایی با تکنولوژی های روز در حوزه توسعه نرم افزار می باشد. مخاطبان این سامانه را اکثرا جامعه دانشگاهی شامل دانشجویان و اساتید و همچنین حوزه نشر از جمله مولفین و برخی شرکت ها تشکیل می دهند. در حال حاضر به منظور ارایه سرویس های متنوع و پیشرو، این مجموعه در صدد جذب نیروهای کارآمد و متخصص در این حوزه می باشد.,TexReady,https://quera.org//magnet/jobs/9w9q7,"['Microservices', 'DevOps', 'Agile', 'React', 'Go', 'Junior', 'پاره وقت', 'امکان دورکاری']",تهران,۱۵ اسفند ۱۴۰۲،‏ ۱۸:۵۶
90,استخدام مدیر شبکه و سیستم (امریه سربازی - اصفهان),ما در شرکت PartoTech با بیش از ۱۴ سال سابقه اجرای پروژه های بزرگ، فرصتی برای تجربه کارآموزی حرفه ای و امریه سربازی برای رشته های فنی و مهندسی به شما ارائه میکنیم.🔹 در پروژه های پیشرو نقش فعال خواهید داشت و فرصت یادگیری و کسب تجربه را پیدا خواهید کرد.🔹 نیازی به سابقه ی کاری زیاد نیست، تنها کافی است شور و اشتیاق فراوان همراه با ویژگی های زیر را داشته باشید:🔹 حداقل یکسال معافیت سربازی داشته باشید🔹 روحیه مسئولیت پذیر داشته باشید و متعهد برای به سرانجام رساندن کارها باشید🔹 داشتن انضباط و برنامه ریزی در انجام کارها🔹 توانایی کار تیمی و ارتباط موثر با دیگران🔹 در کنار افراد با تجربه، با جدیدترین فناوری ها از جمله موارد زیر درگیر خواهید شد:🔹 معماری توزیع شده🔹 معماری میکرو سرویس🔹 لینوکس و محیط های کانتینر سازی شده🔹 سرویس های توزیع شده جغرافیایی🔹 سرویس های ناهمگون که دسترسی همزمان بالا دارند,پرتو تک سامانه,https://quera.org//magnet/jobs/g9gr9,"['Docker', 'Linux', 'Network', 'Intern', 'تمام وقت']",اصفهان,۱۴ اسفند ۱۴۰۲،‏ ۱۶:۱۷
91,استخدام Python Developer,شرکت دانش بنیان طراحی شبیه سازی هوشمند شریف (طه) برای تکمیل تیم فنی خود به دنبال یک هم تیمی برای توسعه یک نرم افزار تحت وب با زبان پایتون در حوزه بازارهای مالی و سرمایه گذاری است. موقعیت کاری تمام وقت، به صورت حضوری (با امکان هماهنگی دورکاری برای بخشی از زمان) و در محله طرشت تهران می باشد. ,دانش‌بنیان طراحی و شبیه‌سازی هوشمند شریف (طه),https://quera.org//magnet/jobs/kwgqm,"['SQL', 'Python', 'Junior', 'تمام وقت']",تهران,۱۴ اسفند ۱۴۰۲،‏ ۱۶:۱۴
92,استخدام PHP Full Stack Developer,"شرکت رایان پرسیس ، برای تکمیل کادر فنی خود، نیاز به برنامه نویس وب دارد. ""برنامه نویس PHP "" در پیش برد اهداف توسعه و سفارشی سازی قالب ها و بهبود عملکرد سایت و سیستم اختصاصی ویژه مشتریان مان به ما کمک خواهد کرد.",rayanpersis,https://quera.org//magnet/jobs/mpgmd,"['JavaScript', 'API', 'PHP', 'WordPress', 'Senior', 'تمام وقت', 'امکان دورکاری']",unknown,۱۴ اسفند ۱۴۰۲،‏ ۱۱:۳۳
93,استخدام مدیر محصول,محصولات شرکت نآد در راستای ارائه ی راهکارهای امن و سریع با روش طراحی توأمان سخت افزار/نرم افزار (Hardware/Software Codesign) می باشد. هسته ی نرم افزاری محصولات بر روی سیستم های Embedded و در محیط bare-metal و به زبان C/C++ می باشد. در استانداردهای توسعه نرم افزار شرکت نآد تست و ارزیابی از اجزای اصلی هر task به شمار می آید که در فرآیند هایی خودکار به طور مداوم اجرا شده و مورد بررسی قرار می گیرند.‫طراحی و پیاده سازی نرم افزار در چنین محیطی مستلزم تسلط و تجربه در لایه های پایین نرم افزاری می باشد و گاهی نیز با چالش هایی جذاب و آموزنده همراه است.‫از جمله وظایف مورد انتظار شرکت موارد زیر می باشد:  تدوین نیازمندی ها و آماده سازی پروپوزال به کمک برنامه نویسان ارشد زمان بندی و اولویت بندی وظایف محصول هدایت محصول در زمان بندی های تعیین شده ارزیابی سرعت توسعه اطمینان از کیفیت محصول و انتقال دانش (مدیریت دانش) ,نآد,https://quera.org//magnet/jobs/r7qgr,"['Jira', 'Redmine', 'Systems Programming', 'Scrum', 'Network', 'Senior', 'تمام وقت']",تهران,۱۳ اسفند ۱۴۰۲،‏ ۱۵:۳۳
94,استخدام کارشناس DevOps,شرکت پایانه های داده ای نوین از بین افراد خلاق و مسلط در حوزه DevOps دعوت به همکاری می نماید.  آماده همکاری به صورت تمام وقت به صورت حضوری در محل شرکت دارای روحیه کار تیمی، منظم، دقیق، پیگیر و قانونمند مسئولیت پذیری و مدیریت وظایف جهت تحویل در زمان مناسب مسلط به جستجو و یافتن راه حل ,داده پردازان بنیان آوا,https://quera.org//magnet/jobs/v7j68,"['Logstash', 'Kibana', 'Virtualization', 'SQL', 'Zabbix', 'Junior', 'تمام وقت']",تهران,۱۳ اسفند ۱۴۰۲،‏ ۱۲:۱۶
95,استخدام توسعه‌دهنده بک‌اند (Python),شرکت رانک یک شرکت فعال در حوزه خدمات بانکداری است. در رانک ما چند محصول مختلف در حوزه بانکداری داریم که برای تکمیل تیم  توسعه، به دنبال برنامه نویس های بک اندی هستیم که علاوه بر تجربه در زبان Python، تجربه کار با معماری میکروسرویس هم داشته باشه.اگر یک توسعه دهنده «باتجربه» بک اند هستی و تمایل داری به تیم رانک بپیوندی، رزومه تو برامون بفرست.,سامانه پایاپای رانک,https://quera.org//magnet/jobs/6pm6j,"['Django', 'Git', 'Python', 'Senior', 'تمام وقت']",تهران,۱۳ اسفند ۱۴۰۲،‏ ۱۱:۰۸
96,استخدام برنامه‌نویس ASP,مهارت های ضروری:  مسلط به #C مسلط به EF Core آشنایی با دیتابیس PostgreSQL  مهارت های امتیازی:  قدرت تحلیل توانایی جستجوی دقیق اینترنتی توانایی کار تیمی پیگیری دارای انگیزه یادگیری  محل شرکت: تهران/ دانشگاه صنعتی شریف سابقه کار مرتبط: مهم نیست حداقل مدرک تحصیلی مورد نیاز: مهم نیست,شرکت توسعه و نوآوری آفرینش سلام,https://quera.org//magnet/jobs/pp6jx,"['.NET', 'PostgreSQL', 'ASP.NET Core', 'C#', '.NET Core', 'Senior', 'تمام وقت']",تهران,۱۲ اسفند ۱۴۰۲،‏ ۱۸:۳۴
97,استخدام توسعه‌دهنده (Front-end (React,گروه ایساتیس پویا ، به دنبال جلب یک توسعه دهنده پایتون با انگیزه. اگر شما علاقمند به چالش های فنی و همچنین محیط کار صمیمی هستید، ما منتظر همکاری با شما هستیممهارت های مورد نیاز:  تسلط به حداقل یکی از فریم ورک های UI تجربه کار با کتابخانه های state-management تسلط کامل به React.js و Next.js توانایی نوشتن کد های خوانا، تمیز، استاندارد و قابل آزمایش تجربه کار با Docker و CI/CD تسلط به Git و مفاهیم Gitflow تسلط کافی بر REST API  آدرس محل کار: یزد، بلوار جمهوریتوجه: فقط متقاضیان حاضر به همکاری حضوری در محل کار موردنظر ما، بررسی خواهند شد.,Isatis Pooya,https://quera.org//magnet/jobs/86kqq,"['Next.js', 'JavaScript', 'React', 'Junior', 'تمام وقت']",یزد,۱۲ اسفند ۱۴۰۲،‏ ۱۶:۲۹
98,استخدام کارآموز شبکه,شرکت خدمات انفورماتیک به منظور تأمین بخشی از نیروی انسانی مورد نیاز خود در حوزه شبکه، از طریق برگزاری دوره آموزشی، اقدام به جذب کارآموز می نماید. این دوره به صورت رایگان و طی مدت زمان ۳ تا ۴ ماه در محل شرکت برگزار خواهد شد و در طول دوره مبلغی به عنوان کمک هزینه آموزشی به فراگیران تعلق خواهد گرفت. شایان ذکر است در صورت گذراندن دوره های آموزشی تخصصی، کسب موفقیت در آزمون نهایی و محرز شدن برخورداری از روحیه مثبت همکاری، امکان استخدام در شرکت میسر است. مزایای کارآموزی:  ارائه آموزش های رایگان در حوزه تخصصی مورد نظر جهت ورود به بازار کار. اعطای کمک هزینه آموزشی به کارآموزان در طول دوره. امکان استخدام در شرکت خدمات انفورماتیک و شرکت های تابعه؛ مشروط به احراز شرایط موردنظر سازمان. ارائه گواهی نامه معتبر حضور در دوره؛ مشروط به احراز شرایط موردنظر سازمان.     ,شرکت خدمات انفورماتیک,https://quera.org//magnet/jobs/r7qkr,"['Network', 'Intern', 'تمام وقت']",تهران,۱۲ اسفند ۱۴۰۲،‏ ۹:۴۵
